"No.","Time","Source","Destination","Protocol","Length","Info"
"1","0.000000000","10.150.128.28","172.217.5.14","TLSv1.2","105","Application Data"
"2","0.003599658","172.217.5.14","10.150.128.28","TCP","66","443  >  47634 [ACK] Seq=1 Ack=40 Win=364 Len=0 TSval=1916662710 TSecr=998077313"
"3","0.004023910","172.217.5.14","10.150.128.28","TLSv1.2","105","Application Data"
"4","0.004033152","10.150.128.28","172.217.5.14","TCP","66","47634  >  443 [ACK] Seq=40 Ack=40 Win=501 Len=0 TSval=998077317 TSecr=1916662710"
"5","1.500737604","142.250.191.170","10.150.128.28","TLSv1.2","151","Application Data"
"6","1.500759977","10.150.128.28","142.250.191.170","TCP","66","32956  >  443 [ACK] Seq=1 Ack=86 Win=501 Len=0 TSval=442269878 TSecr=1432216862"
"7","1.501259175","142.250.191.170","10.150.128.28","TLSv1.2","97","Application Data"
"8","1.501259541","142.250.191.170","10.150.128.28","TLSv1.2","105","Application Data"
"9","1.501268218","10.150.128.28","142.250.191.170","TCP","66","32956  >  443 [ACK] Seq=1 Ack=117 Win=501 Len=0 TSval=442269879 TSecr=1432216862"
"10","1.501276632","10.150.128.28","142.250.191.170","TCP","66","32956  >  443 [ACK] Seq=1 Ack=156 Win=501 Len=0 TSval=442269879 TSecr=1432216862"
"11","1.501375554","10.150.128.28","142.250.191.170","TLSv1.2","105","Application Data"
"12","1.509629221","142.250.191.170","10.150.128.28","TCP","66","443  >  32956 [ACK] Seq=156 Ack=40 Win=455 Len=0 TSval=1432216944 TSecr=442269879"
"13","1.525663684","10.150.128.28","142.250.191.170","TLSv1.2","300","Application Data"
"14","1.526475227","172.253.115.189","10.150.128.28","TLSv1.2","117","Application Data"
"15","1.526485267","10.150.128.28","172.253.115.189","TCP","66","39146  >  443 [ACK] Seq=1 Ack=52 Win=501 Len=0 TSval=1757614527 TSecr=2741932532"
"16","1.529816162","142.250.191.170","10.150.128.28","TCP","66","443  >  32958 [ACK] Seq=1 Ack=235 Win=357 Len=0 TSval=1200586791 TSecr=442269903"
"17","1.563497699","142.250.191.170","10.150.128.28","TLSv1.2","135","Application Data"
"18","1.563929799","142.250.191.170","10.150.128.28","TLSv1.2","97","Application Data"
"19","1.563962037","10.150.128.28","142.250.191.170","TCP","66","32958  >  443 [ACK] Seq=235 Ack=101 Win=501 Len=0 TSval=442269941 TSecr=1200586824"
"20","1.564336096","142.250.191.170","10.150.128.28","TLSv1.2","105","Application Data"
"21","1.564375102","10.150.128.28","142.250.191.170","TLSv1.2","105","Application Data"
"22","1.564693004","10.150.128.28","142.250.191.170","TLSv1.2","405","Application Data"
"23","1.567675092","142.250.191.170","10.150.128.28","TCP","66","443  >  32956 [ACK] Seq=156 Ack=379 Win=465 Len=0 TSval=1432217002 TSecr=442269942"
"24","1.572961776","142.250.191.170","10.150.128.28","TCP","66","443  >  32958 [ACK] Seq=140 Ack=274 Win=357 Len=0 TSval=1200586833 TSecr=442269942"
"25","1.603496553","142.250.191.170","10.150.128.28","TLSv1.2","133","Application Data"
"26","1.603514146","10.150.128.28","142.250.191.170","TCP","66","32956  >  443 [ACK] Seq=379 Ack=223 Win=501 Len=0 TSval=442269981 TSecr=1432217038"
"27","1.603822560","142.250.191.170","10.150.128.28","TLSv1.2","115","Application Data"
"28","1.603829914","10.150.128.28","142.250.191.170","TCP","66","32956  >  443 [ACK] Seq=379 Ack=272 Win=501 Len=0 TSval=442269981 TSecr=1432217038"
"29","8.361531481","140.82.114.26","10.150.128.28","TLSv1.2","91","Application Data"
"30","8.361651617","10.150.128.28","140.82.114.26","TLSv1.2","95","Application Data"
"31","8.378334930","140.82.114.26","10.150.128.28","TCP","66","443  >  60728 [ACK] Seq=26 Ack=30 Win=70 Len=0 TSval=1276760156 TSecr=4137896863"
"32","11.048473447","93.184.215.201","10.150.128.28","TCP","66","443  >  44922 [ACK] Seq=1 Ack=1 Win=136 Len=0 TSval=3741219181 TSecr=3808420069"
"33","11.048491774","10.150.128.28","93.184.215.201","TCP","66","[TCP ACKed unseen segment] 44922  >  443 [ACK] Seq=1 Ack=2 Win=501 Len=0 TSval=3808481383 TSecr=3741203769"
"34","11.639077914","142.250.191.170","10.150.128.28","TLSv1.2","190","Application Data"
"35","11.639100515","10.150.128.28","142.250.191.170","TCP","66","32956  >  443 [ACK] Seq=379 Ack=396 Win=501 Len=0 TSval=442280016 TSecr=1432226975"
"36","12.252552342","10.150.0.2","224.0.0.251","IGMPv2","60","Membership Query, specific for group 224.0.0.251"
"37","12.291131324","10.150.128.28","224.0.0.251","IGMPv2","46","Membership Report group 224.0.0.251"
"38","12.969304669","10.150.0.2","224.0.0.251","IGMPv2","60","Membership Query, specific for group 224.0.0.251"
"39","13.095133925","10.150.128.28","224.0.0.251","IGMPv2","46","Membership Report group 224.0.0.251"
"40","13.379901645","JuniperN_d6:11:5d","IntelCor_fd:96:6b","ARP","56","Who has 10.150.128.28? Tell 10.150.0.3"
"41","13.379927280","IntelCor_fd:96:6b","JuniperN_d6:11:5d","ARP","42","10.150.128.28 is at 34:e1:2d:fd:96:6b"
"42","13.839190079","10.150.128.28","13.83.65.43","TCP","54","34128  >  443 [ACK] Seq=1 Ack=1 Win=501 Len=0"
"43","13.891435992","13.83.65.43","10.150.128.28","TCP","56","[TCP ACKed unseen segment] 443  >  34128 [ACK] Seq=1 Ack=2 Win=2048 Len=0"
"44","13.993416756","10.150.0.2","224.0.0.251","IGMPv2","60","Membership Query, specific for group 224.0.0.251"
"45","14.735131751","10.150.128.28","224.0.0.251","IGMPv2","46","Membership Report group 224.0.0.251"
"46","15.427148215","172.253.115.189","10.150.128.28","TLSv1.2","553","Application Data"
"47","15.427178350","10.150.128.28","172.253.115.189","TCP","66","39146  >  443 [ACK] Seq=1 Ack=539 Win=498 Len=0 TSval=1757628428 TSecr=2741946421"
"48","21.064210310","RealtekS_55:1e:b7","IntelCor_fd:96:6b","ARP","56","Who has 10.150.128.28? Tell 10.150.6.9"
"49","21.064235620","IntelCor_fd:96:6b","RealtekS_55:1e:b7","ARP","42","10.150.128.28 is at 34:e1:2d:fd:96:6b"
"50","21.068437648","10.150.6.9","10.150.128.28","TCP","74","60652  >  65473 [SYN] Seq=0 Win=29200 Len=0 MSS=1386 SACK_PERM=1 TSval=4294965052 TSecr=0 WS=128"
"51","21.068459064","10.150.128.28","10.150.6.9","TCP","74","65473  >  60652 [SYN, ACK] Seq=0 Ack=1 Win=65160 Len=0 MSS=1460 SACK_PERM=1 TSval=3972502533 TSecr=4294965052 WS=128"
"52","21.073572457","10.150.6.9","10.150.128.28","TCP","66","60652  >  65473 [ACK] Seq=1 Ack=1 Win=29312 Len=0 TSval=4294965081 TSecr=3972502533"
"53","21.120758024","10.150.6.9","10.150.128.28","TCP","1090","60652  >  65473 [PSH, ACK] Seq=1 Ack=1 Win=29312 Len=1024 TSval=4294965093 TSecr=3972502533"
"54","21.120788871","10.150.128.28","10.150.6.9","TCP","66","65473  >  60652 [ACK] Seq=1 Ack=1025 Win=64256 Len=0 TSval=3972502585 TSecr=4294965093"
"55","21.121683092","10.150.6.9","10.150.128.28","TCP","2814","60652  >  65473 [ACK] Seq=1025 Ack=1 Win=29312 Len=2748 TSval=4294965093 TSecr=3972502533"
"56","21.121697873","10.150.128.28","10.150.6.9","TCP","66","65473  >  60652 [ACK] Seq=1 Ack=3773 Win=61568 Len=0 TSval=3972502586 TSecr=4294965093"
"57","21.122205976","10.150.6.9","10.150.128.28","TCP","1440","60652  >  65473 [ACK] Seq=3773 Ack=1 Win=29312 Len=1374 TSval=4294965093 TSecr=3972502533"
"58","21.122212002","10.150.128.28","10.150.6.9","TCP","66","65473  >  60652 [ACK] Seq=1 Ack=5147 Win=63104 Len=0 TSval=3972502587 TSecr=4294965093"
"59","21.129319341","10.150.6.9","10.150.128.28","TCP","1396","60652  >  65473 [PSH, ACK] Seq=5147 Ack=1 Win=29312 Len=1330 TSval=4294965095 TSecr=3972502585"
"60","21.129333672","10.150.128.28","10.150.6.9","TCP","66","65473  >  60652 [ACK] Seq=1 Ack=6477 Win=63104 Len=0 TSval=3972502594 TSecr=4294965095"
"61","22.390368390","142.250.191.170","10.150.128.28","TLSv1.2","151","Application Data"
"62","22.390386625","10.150.128.28","142.250.191.170","TCP","66","32956  >  443 [ACK] Seq=379 Ack=481 Win=501 Len=0 TSval=442290768 TSecr=1432237810"
"63","23.108517903","10.150.6.9","10.150.128.28","TCP","1090","60652  >  65473 [PSH, ACK] Seq=6477 Ack=1 Win=29312 Len=1024 TSval=4294965588 TSecr=3972502594"
"64","23.108535184","10.150.128.28","10.150.6.9","TCP","66","65473  >  60652 [ACK] Seq=1 Ack=7501 Win=63104 Len=0 TSval=3972504573 TSecr=4294965588"
"65","23.109640802","10.150.6.9","10.150.128.28","TCP","4188","60652  >  65473 [ACK] Seq=7501 Ack=1 Win=29312 Len=4122 TSval=4294965588 TSecr=3972502594"
"66","23.109651439","10.150.128.28","10.150.6.9","TCP","66","65473  >  60652 [ACK] Seq=1 Ack=11623 Win=59008 Len=0 TSval=3972504574 TSecr=4294965588"
"67","23.116572897","10.150.6.9","10.150.128.28","TCP","1405","60652  >  65473 [PSH, ACK] Seq=11623 Ack=1 Win=29312 Len=1339 TSval=4294965592 TSecr=3972504573"
"68","23.116588221","10.150.128.28","10.150.6.9","TCP","66","65473  >  60652 [ACK] Seq=1 Ack=12962 Win=63104 Len=0 TSval=3972504581 TSecr=4294965592"
"69","24.083175565","10.150.128.28","13.69.109.130","TCP","54","39412  >  443 [ACK] Seq=1 Ack=1 Win=501 Len=0"
"70","24.234283071","13.69.109.130","10.150.128.28","TCP","56","[TCP ACKed unseen segment] 443  >  39412 [ACK] Seq=1 Ack=2 Win=2048 Len=0"
"71","25.156053190","10.150.6.9","10.150.128.28","TCP","1090","60652  >  65473 [PSH, ACK] Seq=12962 Ack=1 Win=29312 Len=1024 TSval=4294966088 TSecr=3972504581"
"72","25.156075523","10.150.128.28","10.150.6.9","TCP","66","65473  >  60652 [ACK] Seq=1 Ack=13986 Win=63104 Len=0 TSval=3972506620 TSecr=4294966088"
"73","25.157166540","10.150.6.9","10.150.128.28","TCP","4188","60652  >  65473 [ACK] Seq=13986 Ack=1 Win=29312 Len=4122 TSval=4294966088 TSecr=3972504581"
"74","25.157181791","10.150.128.28","10.150.6.9","TCP","66","65473  >  60652 [ACK] Seq=1 Ack=18108 Win=59008 Len=0 TSval=3972506622 TSecr=4294966088"
"75","25.162145361","10.150.6.9","10.150.128.28","TCP","1435","60652  >  65473 [PSH, ACK] Seq=18108 Ack=1 Win=29312 Len=1369 TSval=4294966104 TSecr=3972506620"
"76","25.162159289","10.150.128.28","10.150.6.9","TCP","66","65473  >  60652 [ACK] Seq=1 Ack=19477 Win=63104 Len=0 TSval=3972506627 TSecr=4294966104"
"77","26.127130074","IntelCor_fd:96:6b","RealtekS_55:1e:b7","ARP","42","Who has 10.150.6.9? Tell 10.150.128.28"
"78","26.133440264","RealtekS_55:1e:b7","IntelCor_fd:96:6b","ARP","56","10.150.6.9 is at 00:e0:4c:55:1e:b7"
"79","27.203309599","10.150.6.9","10.150.128.28","TCP","1090","60652  >  65473 [PSH, ACK] Seq=19477 Ack=1 Win=29312 Len=1024 TSval=4294966590 TSecr=3972506627"
"80","27.203327532","10.150.128.28","10.150.6.9","TCP","66","65473  >  60652 [ACK] Seq=1 Ack=20501 Win=63104 Len=0 TSval=3972508668 TSecr=4294966590"
"81","27.204271376","10.150.6.9","10.150.128.28","TCP","1440","60652  >  65473 [ACK] Seq=20501 Ack=1 Win=29312 Len=1374 TSval=4294966590 TSecr=3972506627"
"82","27.204271778","10.150.6.9","10.150.128.28","TCP","2814","60652  >  65473 [ACK] Seq=21875 Ack=1 Win=29312 Len=2748 TSval=4294966591 TSecr=3972506627"
"83","27.204278573","10.150.128.28","10.150.6.9","TCP","66","65473  >  60652 [ACK] Seq=1 Ack=21875 Win=63104 Len=0 TSval=3972508669 TSecr=4294966590"
"84","27.204291245","10.150.128.28","10.150.6.9","TCP","66","65473  >  60652 [ACK] Seq=1 Ack=24623 Win=60416 Len=0 TSval=3972508669 TSecr=4294966591"
"85","27.209647645","10.150.6.9","10.150.128.28","TCP","1410","60652  >  65473 [PSH, ACK] Seq=24623 Ack=1 Win=29312 Len=1344 TSval=4294966615 TSecr=3972508668"
"86","27.209657729","10.150.128.28","10.150.6.9","TCP","66","65473  >  60652 [ACK] Seq=1 Ack=25967 Win=63104 Len=0 TSval=3972508674 TSecr=4294966615"
"87","28.738946504","10.150.0.2","224.0.0.251","IGMPv2","60","Membership Query, specific for group 224.0.0.251"
"88","29.150136897","10.150.0.2","224.0.0.251","IGMPv2","60","Membership Query, specific for group 224.0.0.251"
"89","29.150137068","13.83.65.43","10.150.128.28","TLSv1.2","414","Application Data"
"90","29.150588243","10.150.6.9","10.150.128.28","TCP","131","60652  >  65473 [PSH, ACK] Seq=25967 Ack=1 Win=29312 Len=65 TSval=4294967089 TSecr=3972508674"
"91","29.150607649","10.150.128.28","10.150.6.9","TCP","66","65473  >  60652 [ACK] Seq=1 Ack=26032 Win=64128 Len=0 TSval=3972510615 TSecr=4294967089"
"92","29.151143360","10.150.128.28","224.0.0.251","IGMPv2","46","Membership Report group 224.0.0.251"
"93","29.154613514","10.150.128.28","13.83.65.43","TCP","1434","34118  >  443 [ACK] Seq=1 Ack=361 Win=501 Len=1380 [TCP segment of a reassembled PDU]"
"94","29.154638485","10.150.128.28","13.83.65.43","TLSv1.2","1380","Application Data"
"95","29.208557285","13.83.65.43","10.150.128.28","TCP","56","443  >  34118 [ACK] Seq=361 Ack=2707 Win=2048 Len=0"
"96","30.582341907","10.150.0.2","224.0.0.251","IGMPv2","60","Membership Query, specific for group 224.0.0.251"
"97","30.927193506","10.150.128.28","224.0.0.251","IGMPv2","46","Membership Report group 224.0.0.251"
"98","31.197712534","10.150.6.9","10.150.128.28","TCP","131","60652  >  65473 [PSH, ACK] Seq=26032 Ack=1 Win=29312 Len=65 TSval=294 TSecr=3972510615"
"99","31.197739619","10.150.128.28","10.150.6.9","TCP","66","65473  >  60652 [ACK] Seq=1 Ack=26097 Win=64128 Len=0 TSval=3972512662 TSecr=294"
"100","31.709087792","10.150.0.2","224.0.0.251","IGMPv2","60","Membership Query, specific for group 224.0.0.251"
"101","31.709087944","142.250.191.170","10.150.128.28","TLSv1.2","190","Application Data"
"102","31.709120715","10.150.128.28","142.250.191.170","TCP","66","32956  >  443 [ACK] Seq=379 Ack=605 Win=501 Len=0 TSval=442300086 TSecr=1432247083"
"103","32.179131696","10.150.128.28","224.0.0.251","IGMPv2","46","Membership Report group 224.0.0.251"
"104","32.632877006","10.150.0.2","224.0.0.251","IGMPv2","60","Membership Query, specific for group 224.0.0.251"
"105","33.147470629","10.150.6.9","10.150.128.28","TCP","133","60652  >  65473 [PSH, ACK] Seq=26097 Ack=1 Win=29312 Len=67 TSval=796 TSecr=3972512662"
"106","33.147487694","10.150.128.28","10.150.6.9","TCP","66","65473  >  60652 [ACK] Seq=1 Ack=26164 Win=64128 Len=0 TSval=3972514612 TSecr=796"
"107","33.199185718","10.150.128.28","224.0.0.251","IGMPv2","46","Membership Report group 224.0.0.251"
"108","34.063677428","10.150.0.2","224.0.0.251","IGMPv2","60","Membership Query, specific for group 224.0.0.251"
"109","34.447135680","10.150.128.28","224.0.0.251","IGMPv2","46","Membership Report group 224.0.0.251"
"110","35.190764829","10.150.0.2","224.0.0.251","IGMPv2","60","Membership Query, specific for group 224.0.0.251"
"111","35.190764959","10.150.6.9","10.150.128.28","TCP","1090","60652  >  65473 [PSH, ACK] Seq=26164 Ack=1 Win=29312 Len=1024 TSval=1295 TSecr=3972514612"
"112","35.190794817","10.150.128.28","10.150.6.9","TCP","66","65473  >  60652 [ACK] Seq=1 Ack=27188 Win=63104 Len=0 TSval=3972516655 TSecr=1295"
"113","35.191661613","10.150.6.9","10.150.128.28","TCP","5562","60652  >  65473 [ACK] Seq=27188 Ack=1 Win=29312 Len=5496 TSval=1295 TSecr=3972514612"
"114","35.191670473","10.150.128.28","10.150.6.9","TCP","66","65473  >  60652 [ACK] Seq=1 Ack=32684 Win=57728 Len=0 TSval=3972516656 TSecr=1295"
"115","35.196107244","10.150.6.9","10.150.128.28","TCP","79","60652  >  65473 [PSH, ACK] Seq=32684 Ack=1 Win=29312 Len=13 TSval=1316 TSecr=3972516655"
"116","35.196116994","10.150.128.28","10.150.6.9","TCP","66","65473  >  60652 [ACK] Seq=1 Ack=32697 Win=64128 Len=0 TSval=3972516660 TSecr=1316"
"117","35.239184636","10.150.128.28","224.0.0.251","IGMPv2","46","Membership Report group 224.0.0.251"
"118","36.214058139","10.150.0.2","224.0.0.251","IGMPv2","60","Membership Query, specific for group 224.0.0.251"
"119","36.559127875","10.150.128.28","224.0.0.251","IGMPv2","46","Membership Report group 224.0.0.251"
"120","36.726180364","10.150.0.2","224.0.0.251","IGMPv2","60","Membership Query, specific for group 224.0.0.251"
"121","37.136911939","10.150.6.9","10.150.128.28","TCP","1090","60652  >  65473 [PSH, ACK] Seq=32697 Ack=1 Win=29312 Len=1024 TSval=1795 TSecr=3972516660"
"122","37.136929442","10.150.128.28","10.150.6.9","TCP","66","65473  >  60652 [ACK] Seq=1 Ack=33721 Win=63104 Len=0 TSval=3972518601 TSecr=1795"
"123","37.138106820","10.150.6.9","10.150.128.28","TCP","5562","60652  >  65473 [ACK] Seq=33721 Ack=1 Win=29312 Len=5496 TSval=1795 TSecr=3972516660"
"124","37.138118778","10.150.128.28","10.150.6.9","TCP","66","65473  >  60652 [ACK] Seq=1 Ack=39217 Win=57728 Len=0 TSval=3972518602 TSecr=1795"
"125","37.140898022","10.150.6.9","10.150.128.28","TCP","92","60652  >  65473 [PSH, ACK] Seq=39217 Ack=1 Win=29312 Len=26 TSval=1802 TSecr=3972518601"
"126","37.140906479","10.150.128.28","10.150.6.9","TCP","66","65473  >  60652 [ACK] Seq=1 Ack=39243 Win=64128 Len=0 TSval=3972518605 TSecr=1802"
"127","37.711176838","10.150.128.28","224.0.0.251","IGMPv2","46","Membership Report group 224.0.0.251"
"128","37.955243058","10.150.0.2","224.0.0.251","IGMPv2","60","Membership Query, specific for group 224.0.0.251"
"129","38.255195585","10.150.128.28","224.0.0.251","IGMPv2","46","Membership Report group 224.0.0.251"
"130","39.082085710","10.150.0.2","224.0.0.251","IGMPv2","60","Membership Query, specific for group 224.0.0.251"
"131","39.190040173","10.150.6.9","10.150.128.28","TCP","131","60652  >  65473 [PSH, ACK] Seq=39243 Ack=1 Win=29312 Len=65 TSval=2297 TSecr=3972518605"
"132","39.190057081","10.150.128.28","10.150.6.9","TCP","66","65473  >  60652 [ACK] Seq=1 Ack=39308 Win=64128 Len=0 TSval=3972520654 TSecr=2297"
"133","39.900513516","10.150.0.2","224.0.0.251","IGMPv2","60","Membership Query, specific for group 224.0.0.251"
"134","39.903183363","10.150.128.28","224.0.0.251","IGMPv2","46","Membership Report group 224.0.0.251"
"135","40.106035352","172.253.115.189","10.150.128.28","TLSv1.2","117","Application Data"
"136","40.106053027","10.150.128.28","172.253.115.189","TCP","66","39146  >  443 [ACK] Seq=1 Ack=590 Win=501 Len=0 TSval=1757653106 TSecr=2741971088"
"137","40.463132877","10.150.128.28","104.43.225.200","TCP","54","44112  >  443 [ACK] Seq=1 Ack=1 Win=501 Len=0"
"138","40.463155444","10.150.128.28","93.184.215.201","TCP","66","[TCP Keep-Alive] [TCP ACKed unseen segment] 44922  >  443 [ACK] Seq=0 Ack=2 Win=501 Len=0 TSval=3808510798 TSecr=3741203769"
"139","40.467197090","93.184.215.201","10.150.128.28","TCP","66","[TCP Previous segment not captured] 443  >  44922 [ACK] Seq=2 Ack=1 Win=136 Len=0 TSval=3741248826 TSecr=3808481383"
"140","40.488887871","104.43.225.200","10.150.128.28","TCP","56","[TCP ACKed unseen segment] 443  >  44112 [ACK] Seq=1 Ack=2 Win=2048 Len=0"
"141","40.618247618","10.150.0.2","224.0.0.251","IGMPv2","60","Membership Query, specific for group 224.0.0.251"
"142","41.000857778","10.150.128.28","54.230.15.182","TLSv1.2","105","Application Data"
"143","41.004376067","54.230.15.182","10.150.128.28","TCP","66","443  >  41990 [ACK] Seq=1 Ack=40 Win=135 Len=0 TSval=3163074855 TSecr=3904006768"
"144","41.004711508","54.230.15.182","10.150.128.28","TLSv1.2","105","Application Data"
"145","41.004722669","10.150.128.28","54.230.15.182","TCP","66","41990  >  443 [ACK] Seq=40 Ack=40 Win=501 Len=0 TSval=3904006772 TSecr=3163074855"
"146","41.130101248","10.150.6.9","10.150.128.28","TCP","1090","60652  >  65473 [PSH, ACK] Seq=39308 Ack=1 Win=29312 Len=1024 TSval=2796 TSecr=3972520654"
"147","41.130127296","10.150.128.28","10.150.6.9","TCP","66","65473  >  60652 [ACK] Seq=1 Ack=40332 Win=63104 Len=0 TSval=3972522594 TSecr=2796"
"148","41.131110807","10.150.6.9","10.150.128.28","TCP","5562","60652  >  65473 [ACK] Seq=40332 Ack=1 Win=29312 Len=5496 TSval=2796 TSecr=3972520654"
"149","41.131132914","10.150.128.28","10.150.6.9","TCP","66","65473  >  60652 [ACK] Seq=1 Ack=45828 Win=57728 Len=0 TSval=3972522595 TSecr=2796"
"150","41.135151594","10.150.6.9","10.150.128.28","TCP","76","60652  >  65473 [PSH, ACK] Seq=45828 Ack=1 Win=29312 Len=10 TSval=2801 TSecr=3972522594"
"151","41.135166230","10.150.128.28","10.150.6.9","TCP","66","65473  >  60652 [ACK] Seq=1 Ack=45838 Win=64128 Len=0 TSval=3972522600 TSecr=2801"
"152","41.235182598","10.150.128.28","224.0.0.251","IGMPv2","46","Membership Report group 224.0.0.251"
"153","42.051196454","10.150.0.2","224.0.0.251","IGMPv2","60","Membership Query, specific for group 224.0.0.251"
"154","42.460640116","10.150.0.2","224.0.0.251","IGMPv2","60","Membership Query, specific for group 224.0.0.251"
"155","42.611169944","10.150.128.28","224.0.0.251","IGMPv2","46","Membership Report group 224.0.0.251"
"156","42.667536296","142.250.191.170","10.150.128.28","TLSv1.2","151","Application Data"
"157","42.667556682","10.150.128.28","142.250.191.170","TCP","66","32956  >  443 [ACK] Seq=379 Ack=690 Win=501 Len=0 TSval=442311045 TSecr=1432258102"
"158","43.178084137","10.150.6.9","10.150.128.28","TCP","1090","60652  >  65473 [PSH, ACK] Seq=45838 Ack=1 Win=29312 Len=1024 TSval=3297 TSecr=3972522600"
"159","43.178103357","10.150.128.28","10.150.6.9","TCP","66","65473  >  60652 [ACK] Seq=1 Ack=46862 Win=63104 Len=0 TSval=3972524642 TSecr=3297"
"160","43.178995748","10.150.6.9","10.150.128.28","TCP","4188","60652  >  65473 [ACK] Seq=46862 Ack=1 Win=29312 Len=4122 TSval=3297 TSecr=3972522600"
"161","43.179009672","10.150.128.28","10.150.6.9","TCP","66","65473  >  60652 [ACK] Seq=1 Ack=50984 Win=59008 Len=0 TSval=3972524643 TSecr=3297"
"162","43.183810812","10.150.6.9","10.150.128.28","TCP","1414","60652  >  65473 [PSH, ACK] Seq=50984 Ack=1 Win=29312 Len=1348 TSval=3313 TSecr=3972524642"
"163","43.183821234","10.150.128.28","10.150.6.9","TCP","66","65473  >  60652 [ACK] Seq=1 Ack=52332 Win=63104 Len=0 TSval=3972524648 TSecr=3313"
"164","43.394169341","10.150.128.28","40.87.19.190","TLSv1.2","112","Application Data"
"165","43.416699565","40.87.19.190","10.150.128.28","TLSv1.2","101","Application Data"
"166","43.416720188","10.150.128.28","40.87.19.190","TCP","54","44781  >  443 [ACK] Seq=59 Ack=48 Win=501 Len=0"
"167","43.791838697","10.150.0.2","224.0.0.251","IGMPv2","60","Membership Query, specific for group 224.0.0.251"
"168","43.894278320","10.150.0.2","224.0.0.251","IGMPv2","60","Membership Query, specific for group 224.0.0.251"
"169","44.687137434","10.150.128.28","224.0.0.251","IGMPv2","46","Membership Report group 224.0.0.251"
"170","45.021102701","10.150.0.2","224.0.0.251","IGMPv2","60","Membership Query, specific for group 224.0.0.251"
"171","45.635059028","10.150.0.2","224.0.0.251","IGMPv2","60","Membership Query, specific for group 224.0.0.251"
"172","45.737659161","10.150.0.2","224.0.0.251","IGMPv2","60","Membership Query, specific for group 224.0.0.251"
"173","45.775130141","10.150.128.28","224.0.0.251","IGMPv2","46","Membership Report group 224.0.0.251"
"174","46.006139674","10.150.128.28","142.251.32.5","TLSv1.2","105","Application Data"
"175","46.006484908","10.150.128.28","142.251.32.5","TLSv1.2","90","Application Data"
"176","46.010650638","142.251.32.5","10.150.128.28","TCP","66","443  >  36432 [ACK] Seq=1 Ack=65 Win=283 Len=0 TSval=1806346008 TSecr=2045678310"
"177","46.011140904","142.251.32.5","10.150.128.28","TCP","66","443  >  36432 [FIN, ACK] Seq=1 Ack=65 Win=283 Len=0 TSval=1806346008 TSecr=2045678310"
"178","46.011155156","10.150.128.28","142.251.32.5","TCP","66","36432  >  443 [ACK] Seq=65 Ack=2 Win=2662 Len=0 TSval=2045678315 TSecr=1806346008"
"179","46.762063858","10.150.0.2","224.0.0.251","IGMPv2","60","Membership Query, specific for group 224.0.0.251"
"180","46.762063997","10.150.6.9","10.150.128.28","TCP","131","60652  >  65473 [PSH, ACK] Seq=52332 Ack=1 Win=29312 Len=65 TSval=3798 TSecr=3972524648"
"181","46.762089853","10.150.128.28","10.150.6.9","TCP","66","65473  >  60652 [ACK] Seq=1 Ack=52397 Win=64128 Len=0 TSval=3972528226 TSecr=3798"
"182","47.171097651","10.150.0.2","224.0.0.251","IGMPv2","60","Membership Query, specific for group 224.0.0.251"
"183","47.172100526","10.150.6.9","10.150.128.28","TCP","1090","60652  >  65473 [PSH, ACK] Seq=52397 Ack=1 Win=29312 Len=1024 TSval=4298 TSecr=3972528226"
"184","47.172118432","10.150.128.28","10.150.6.9","TCP","66","65473  >  60652 [ACK] Seq=1 Ack=53421 Win=63104 Len=0 TSval=3972528636 TSecr=4298"
"185","47.173421905","10.150.6.9","10.150.128.28","TCP","5562","60652  >  65473 [ACK] Seq=53421 Ack=1 Win=29312 Len=5496 TSval=4298 TSecr=3972528226"
"186","47.173433170","10.150.128.28","10.150.6.9","TCP","66","65473  >  60652 [ACK] Seq=1 Ack=58917 Win=57728 Len=0 TSval=3972528638 TSecr=4298"
"187","47.177060073","10.150.6.9","10.150.128.28","TCP","116","60652  >  65473 [PSH, ACK] Seq=58917 Ack=1 Win=29312 Len=50 TSval=4311 TSecr=3972528636"
"188","47.177091121","10.150.128.28","10.150.6.9","TCP","66","65473  >  60652 [ACK] Seq=1 Ack=58967 Win=64128 Len=0 TSval=3972528641 TSecr=4311"
"189","47.567134047","10.150.128.28","224.0.0.251","IGMPv2","46","Membership Report group 224.0.0.251"
"190","48.503171342","10.150.0.2","224.0.0.251","IGMPv2","60","Membership Query, specific for group 224.0.0.251"
"191","49.219273621","10.150.6.9","10.150.128.28","TCP","1090","60652  >  65473 [PSH, ACK] Seq=58967 Ack=1 Win=29312 Len=1024 TSval=4798 TSecr=3972528641"
"192","49.219291492","10.150.128.28","10.150.6.9","TCP","66","65473  >  60652 [ACK] Seq=1 Ack=59991 Win=63104 Len=0 TSval=3972530684 TSecr=4798"
"193","49.220322609","10.150.6.9","10.150.128.28","TCP","4188","60652  >  65473 [ACK] Seq=59991 Ack=1 Win=29312 Len=4122 TSval=4798 TSecr=3972528641"
"194","49.220334884","10.150.128.28","10.150.6.9","TCP","66","65473  >  60652 [ACK] Seq=1 Ack=64113 Win=59008 Len=0 TSval=3972530685 TSecr=4798"
"195","49.227080481","10.150.6.9","10.150.128.28","TCP","1439","60652  >  65473 [PSH, ACK] Seq=64113 Ack=1 Win=29312 Len=1373 TSval=4823 TSecr=3972530684"
"196","49.227092541","10.150.128.28","10.150.6.9","TCP","66","65473  >  60652 [ACK] Seq=1 Ack=65486 Win=63104 Len=0 TSval=3972530691 TSecr=4823"
"197","49.263194884","10.150.128.28","224.0.0.251","IGMPv2","46","Membership Report group 224.0.0.251"
"198","49.423227105","10.150.128.28","91.189.89.198","NTP","90","NTP Version 4, client"
"199","49.513279766","91.189.89.198","10.150.128.28","NTP","90","NTP Version 4, server"
"200","49.570298112","10.150.128.28","91.189.89.199","NTP","90","NTP Version 4, client"
"201","49.660592570","91.189.89.199","10.150.128.28","NTP","90","NTP Version 4, server"
"202","49.731254004","10.150.0.2","224.0.0.251","IGMPv2","60","Membership Query, specific for group 224.0.0.251"
"203","49.877575496","10.150.128.28","45.86.209.201","NTP","90","NTP Version 4, client"
"204","49.924123088","45.86.209.201","10.150.128.28","NTP","90","NTP Version 4, server"
"205","49.936074207","10.150.0.2","224.0.0.251","IGMPv2","60","Membership Query, specific for group 224.0.0.251"
"206","50.078449142","10.150.128.28","91.189.91.157","NTP","90","NTP Version 4, client"
"207","50.105394681","91.189.91.157","10.150.128.28","NTP","90","NTP Version 4, server"
"208","50.279781589","10.150.128.28","91.189.94.4","NTP","90","NTP Version 4, client"
"209","50.371388695","91.189.94.4","10.150.128.28","NTP","90","NTP Version 4, server"
"210","50.652930763","10.150.0.2","224.0.0.251","IGMPv2","60","Membership Query, specific for group 224.0.0.251"
"211","50.743134699","10.150.128.28","224.0.0.251","IGMPv2","46","Membership Report group 224.0.0.251"
"212","50.857405329","10.150.0.2","224.0.0.251","IGMPv2","60","Membership Query, specific for group 224.0.0.251"
"213","51.117038345","10.150.128.28","38.229.53.9","NTP","90","NTP Version 4, client"
"214","51.135239231","10.150.6.9","10.150.128.28","TCP","1090","60652  >  65473 [PSH, ACK] Seq=65486 Ack=1 Win=29312 Len=1024 TSval=5301 TSecr=3972530691"
"215","51.135257764","10.150.128.28","10.150.6.9","TCP","66","65473  >  60652 [ACK] Seq=1 Ack=66510 Win=63104 Len=0 TSval=3972532600 TSecr=5301"
"216","51.136050114","10.150.6.9","10.150.128.28","TCP","4188","60652  >  65473 [ACK] Seq=66510 Ack=1 Win=29312 Len=4122 TSval=5301 TSecr=3972530691"
"217","51.136061498","10.150.128.28","10.150.6.9","TCP","66","65473  >  60652 [ACK] Seq=1 Ack=70632 Win=59008 Len=0 TSval=3972532600 TSecr=5301"
"218","51.136557906","10.150.6.9","10.150.128.28","TCP","1440","60652  >  65473 [ACK] Seq=70632 Ack=1 Win=29312 Len=1374 TSval=5301 TSecr=3972530691"
"219","51.136563418","10.150.128.28","10.150.6.9","TCP","66","65473  >  60652 [ACK] Seq=1 Ack=72006 Win=63104 Len=0 TSval=3972532601 TSecr=5301"
"220","51.139553534","10.150.6.9","10.150.128.28","TCP","95","60652  >  65473 [PSH, ACK] Seq=72006 Ack=1 Win=29312 Len=29 TSval=5302 TSecr=3972532600"
"221","51.139562476","10.150.128.28","10.150.6.9","TCP","66","65473  >  60652 [ACK] Seq=1 Ack=72035 Win=64128 Len=0 TSval=3972532604 TSecr=5302"
"222","51.145648530","38.229.53.9","10.150.128.28","NTP","90","NTP Version 4, server"
"223","51.375176438","10.150.128.28","38.229.59.9","NTP","90","NTP Version 4, client"
"224","51.438372042","38.229.59.9","10.150.128.28","NTP","90","NTP Version 4, server"
"225","51.676897510","10.150.0.2","224.0.0.251","IGMPv2","60","Membership Query, specific for group 224.0.0.251"
"226","51.827170887","10.150.128.28","224.0.0.251","IGMPv2","46","Membership Report group 224.0.0.251"
"227","52.702562867","10.150.0.2","224.0.0.251","IGMPv2","60","Membership Query, specific for group 224.0.0.251"
"228","52.702563003","10.150.0.2","224.0.0.1","IGMPv2","60","Membership Query, general"
"229","52.702563035","142.250.191.170","10.150.128.28","TLSv1.2","190","Application Data"
"230","52.702594908","10.150.128.28","142.250.191.170","TCP","66","32956  >  443 [ACK] Seq=379 Ack=814 Win=501 Len=0 TSval=442321080 TSecr=1432268051"
"231","52.703045171","142.250.191.170","10.150.128.28","TLSv1.2","97","Application Data"
"232","52.703045253","142.250.191.170","10.150.128.28","TLSv1.2","105","Application Data"
"233","52.703053331","10.150.128.28","142.250.191.170","TCP","66","32956  >  443 [ACK] Seq=379 Ack=845 Win=501 Len=0 TSval=442321080 TSecr=1432268051"
"234","52.703063280","10.150.128.28","142.250.191.170","TCP","66","32956  >  443 [ACK] Seq=379 Ack=884 Win=501 Len=0 TSval=442321080 TSecr=1432268051"
"235","52.703193325","10.150.128.28","142.250.191.170","TLSv1.2","105","Application Data"
"236","52.703593308","142.250.191.170","10.150.128.28","TLSv1.2","105","[TCP Spurious Retransmission] , Application Data"
"237","52.703604699","10.150.128.28","142.250.191.170","TCP","78","[TCP Dup ACK 234#1] 32956  >  443 [ACK] Seq=418 Ack=884 Win=501 Len=0 TSval=442321081 TSecr=1432268138 SLE=845 SRE=884"
"238","52.708329977","10.150.128.28","128.135.247.50","DNS","102","Standard query 0x3289 AAAA signaler-pa.clients6.google.com OPT"
"239","52.709856702","128.135.247.50","10.150.128.28","DNS","130","Standard query response 0x3289 AAAA signaler-pa.clients6.google.com AAAA 2607:f8b0:4009:81c::200a OPT"
"240","52.711325050","142.250.191.170","10.150.128.28","TCP","66","443  >  32956 [ACK] Seq=884 Ack=418 Win=465 Len=0 TSval=1432268146 TSecr=442321081"
"241","52.730244300","10.150.128.28","142.250.191.170","TLSv1.2","301","Application Data"
"242","52.733672479","142.250.191.170","10.150.128.28","TCP","66","443  >  32958 [ACK] Seq=140 Ack=509 Win=362 Len=0 TSval=1200637994 TSecr=442321108"
"243","52.767195807","142.250.191.170","10.150.128.28","TLSv1.2","135","Application Data"
"244","52.767419052","142.250.191.170","10.150.128.28","TLSv1.2","97","Application Data"
"245","52.767419141","142.250.191.170","10.150.128.28","TLSv1.2","105","Application Data"
"246","52.767578874","10.150.128.28","142.250.191.170","TCP","66","32958  >  443 [ACK] Seq=509 Ack=279 Win=501 Len=0 TSval=442321145 TSecr=1200638027"
"247","52.767625133","10.150.128.28","142.250.191.170","TLSv1.2","105","Application Data"
"248","52.768134190","10.150.128.28","142.250.191.170","TLSv1.2","365","Application Data"
"249","52.770904924","142.250.191.170","10.150.128.28","TCP","66","443  >  32956 [ACK] Seq=884 Ack=717 Win=476 Len=0 TSval=1432268205 TSecr=442321145"
"250","52.775932463","142.250.191.170","10.150.128.28","TCP","66","443  >  32958 [ACK] Seq=279 Ack=548 Win=362 Len=0 TSval=1200638036 TSecr=442321145"
"251","52.804742674","142.250.191.170","10.150.128.28","TLSv1.2","133","Application Data"
"252","52.804764392","10.150.128.28","142.250.191.170","TCP","66","32956  >  443 [ACK] Seq=717 Ack=951 Win=501 Len=0 TSval=442321182 TSecr=1432268239"
"253","52.805035110","142.250.191.170","10.150.128.28","TLSv1.2","115","Application Data"
"254","52.805042109","10.150.128.28","142.250.191.170","TCP","66","32956  >  443 [ACK] Seq=717 Ack=1000 Win=501 Len=0 TSval=442321182 TSecr=1432268239"
"255","53.135174541","10.150.128.28","224.0.0.251","IGMPv2","46","Membership Report group 224.0.0.251"
"256","53.136886481","10.150.6.9","10.150.128.28","TCP","1090","60652  >  65473 [PSH, ACK] Seq=72035 Ack=1 Win=29312 Len=1024 TSval=5800 TSecr=3972532604"
"257","53.136900511","10.150.128.28","10.150.6.9","TCP","66","65473  >  60652 [ACK] Seq=1 Ack=73059 Win=63104 Len=0 TSval=3972534601 TSecr=5800"
"258","53.137899143","10.150.6.9","10.150.128.28","TCP","4188","60652  >  65473 [ACK] Seq=73059 Ack=1 Win=29312 Len=4122 TSval=5800 TSecr=3972532604"
"259","53.137908166","10.150.128.28","10.150.6.9","TCP","66","65473  >  60652 [ACK] Seq=1 Ack=77181 Win=59008 Len=0 TSval=3972534602 TSecr=5800"
"260","53.140737532","10.150.6.9","10.150.128.28","TCP","1417","60652  >  65473 [PSH, ACK] Seq=77181 Ack=1 Win=29312 Len=1351 TSval=5802 TSecr=3972534601"
"261","53.140744739","10.150.128.28","10.150.6.9","TCP","66","65473  >  60652 [ACK] Seq=1 Ack=78532 Win=63104 Len=0 TSval=3972534605 TSecr=5802"
"262","53.381941265","10.150.128.28","74.6.168.72","NTP","90","NTP Version 4, client"
"263","53.435281226","74.6.168.72","10.150.128.28","NTP","90","NTP Version 4, server"
"264","53.929669630","10.150.0.2","224.0.0.251","IGMPv2","60","Membership Query, specific for group 224.0.0.251"
"265","54.387133652","10.150.128.28","224.0.0.251","IGMPv2","46","Membership Report group 224.0.0.251"
"266","54.749904994","10.150.0.2","224.0.0.251","IGMPv2","60","Membership Query, specific for group 224.0.0.251"
"267","55.023178559","10.150.128.28","224.0.0.251","IGMPv2","46","Membership Report group 224.0.0.251"
"268","55.158731794","10.150.6.9","10.150.128.28","TCP","133","60652  >  65473 [PSH, ACK] Seq=78532 Ack=1 Win=29312 Len=67 TSval=6300 TSecr=3972534605"
"269","55.158753993","10.150.128.28","10.150.6.9","TCP","66","65473  >  60652 [ACK] Seq=1 Ack=78599 Win=64128 Len=0 TSval=3972536623 TSecr=6300"
"270","56.001645414","10.150.128.28","142.250.191.227","TLSv1.2","105","Application Data"
"271","56.005414832","142.250.191.227","10.150.128.28","TCP","66","443  >  38168 [ACK] Seq=1 Ack=40 Win=267 Len=0 TSval=3275371062 TSecr=3033642863"
"272","56.008084123","142.250.191.227","10.150.128.28","TLSv1.2","105","Application Data"
"273","56.051182307","10.150.128.28","142.250.191.227","TCP","66","38168  >  443 [ACK] Seq=40 Ack=40 Win=501 Len=0 TSval=3033642913 TSecr=3275371063"
"274","56.182349756","10.150.0.2","224.0.0.251","IGMPv2","60","Membership Query, specific for group 224.0.0.251"
"275","56.796785288","10.150.0.2","224.0.0.251","IGMPv2","60","Membership Query, specific for group 224.0.0.251"
"276","57.071131207","10.150.128.28","224.0.0.251","IGMPv2","46","Membership Report group 224.0.0.251"
"277","57.142508152","10.150.6.9","10.150.128.28","TCP","1090","60652  >  65473 [PSH, ACK] Seq=78599 Ack=1 Win=29312 Len=1024 TSval=6803 TSecr=3972536623"
"278","57.142541366","10.150.128.28","10.150.6.9","TCP","66","65473  >  60652 [ACK] Seq=1 Ack=79623 Win=63104 Len=0 TSval=3972538607 TSecr=6803"
"279","57.143149708","10.150.6.9","10.150.128.28","TCP","2814","60652  >  65473 [ACK] Seq=79623 Ack=1 Win=29312 Len=2748 TSval=6803 TSecr=3972536623"
"280","57.143159317","10.150.128.28","10.150.6.9","TCP","66","65473  >  60652 [ACK] Seq=1 Ack=82371 Win=61056 Len=0 TSval=3972538608 TSecr=6803"
"281","57.143891843","10.150.6.9","10.150.128.28","TCP","1440","60652  >  65473 [ACK] Seq=82371 Ack=1 Win=29312 Len=1374 TSval=6803 TSecr=3972536623"
"282","57.143897328","10.150.128.28","10.150.6.9","TCP","66","65473  >  60652 [ACK] Seq=1 Ack=83745 Win=63104 Len=0 TSval=3972538608 TSecr=6803"
"283","57.147018294","10.150.6.9","10.150.128.28","TCP","1407","60652  >  65473 [PSH, ACK] Seq=83745 Ack=1 Win=29312 Len=1341 TSval=6804 TSecr=3972538607"
"284","57.147026400","10.150.128.28","10.150.6.9","TCP","66","65473  >  60652 [ACK] Seq=1 Ack=85086 Win=63104 Len=0 TSval=3972538611 TSecr=6804"
"285","58.128151580","10.150.0.2","224.0.0.251","IGMPv2","60","Membership Query, specific for group 224.0.0.251"
"286","58.540617196","10.150.128.28","128.135.247.50","DNS","100","Standard query 0x7fba A addons-pa.clients6.google.com OPT"
"287","58.540725895","10.150.128.28","128.135.247.50","DNS","100","Standard query 0x11cf AAAA addons-pa.clients6.google.com OPT"
"288","58.544008207","128.135.247.50","10.150.128.28","DNS","116","Standard query response 0x7fba A addons-pa.clients6.google.com A 142.250.190.138 OPT"
"289","58.544416152","128.135.247.50","10.150.128.28","DNS","128","Standard query response 0x11cf AAAA addons-pa.clients6.google.com AAAA 2607:f8b0:4009:81b::200a OPT"
"290","58.566006957","10.150.128.28","142.250.190.138","UDP","1399","56235  >  443 Len=1357"
"291","58.579931447","142.250.190.138","10.150.128.28","UDP","1399","443  >  56235 Len=1357"
"292","58.582746627","10.150.128.28","142.250.190.138","UDP","268","56235  >  443 Len=226"
"293","58.583406092","10.150.128.28","142.250.190.138","UDP","1399","56235  >  443 Len=1357"
"294","58.583498679","10.150.128.28","142.250.190.138","UDP","197","56235  >  443 Len=155"
"295","58.586445745","142.250.190.138","10.150.128.28","UDP","651","443  >  56235 Len=609"
"296","58.586801687","142.250.190.138","10.150.128.28","UDP","137","443  >  56235 Len=95"
"297","58.587067844","10.150.128.28","142.250.190.138","UDP","73","56235  >  443 Len=31"
"298","58.587189043","142.250.190.138","10.150.128.28","UDP","70","443  >  56235 Len=28"
"299","58.587811702","142.250.190.138","10.150.128.28","UDP","72","443  >  56235 Len=30"
"300","58.608295658","10.150.128.28","142.250.190.138","UDP","74","56235  >  443 Len=32"
"301","58.637289954","142.250.190.138","10.150.128.28","UDP","786","443  >  56235 Len=744"
"302","58.637695068","142.250.190.138","10.150.128.28","UDP","241","443  >  56235 Len=199"
"303","58.637861077","10.150.128.28","142.250.190.138","UDP","78","56235  >  443 Len=36"
"304","58.637964173","10.150.128.28","142.250.190.138","UDP","73","56235  >  443 Len=31"
"305","58.666143869","142.250.190.138","10.150.128.28","UDP","70","443  >  56235 Len=28"
"306","58.863130237","10.150.128.28","224.0.0.251","IGMPv2","46","Membership Report group 224.0.0.251"
"307","58.899130740","10.150.128.28","13.83.65.43","TCP","54","[TCP Dup ACK 42#1] 34128  >  443 [ACK] Seq=1 Ack=1 Win=501 Len=0"
"308","58.950580657","13.83.65.43","10.150.128.28","TCP","56","[TCP Dup ACK 43#1] [TCP ACKed unseen segment] 443  >  34128 [ACK] Seq=1 Ack=2 Win=2048 Len=0"
"309","59.152256129","10.150.6.9","10.150.128.28","TCP","1090","60652  >  65473 [PSH, ACK] Seq=85086 Ack=1 Win=29312 Len=1024 TSval=7301 TSecr=3972538611"
"310","59.152274512","10.150.128.28","10.150.6.9","TCP","66","65473  >  60652 [ACK] Seq=1 Ack=86110 Win=63104 Len=0 TSval=3972540617 TSecr=7301"
"311","59.153462607","10.150.6.9","10.150.128.28","TCP","5562","60652  >  65473 [ACK] Seq=86110 Ack=1 Win=29312 Len=5496 TSval=7301 TSecr=3972538611"
"312","59.153478204","10.150.128.28","10.150.6.9","TCP","66","65473  >  60652 [ACK] Seq=1 Ack=91606 Win=57728 Len=0 TSval=3972540618 TSecr=7301"
"313","59.157045670","10.150.6.9","10.150.128.28","TCP","121","60652  >  65473 [PSH, ACK] Seq=91606 Ack=1 Win=29312 Len=55 TSval=7306 TSecr=3972540617"
"314","59.157055615","10.150.128.28","10.150.6.9","TCP","66","65473  >  60652 [ACK] Seq=1 Ack=91661 Win=64128 Len=0 TSval=3972540621 TSecr=7306"
"315","59.566037659","10.150.128.28","172.217.5.14","TLSv1.2","105","Application Data"
"316","59.569937380","172.217.5.14","10.150.128.28","TLSv1.2","105","Application Data"
"317","59.569952607","10.150.128.28","172.217.5.14","TCP","66","47634  >  443 [ACK] Seq=79 Ack=79 Win=501 Len=0 TSval=998136883 TSecr=1916722276"
"318","60.075699998","10.150.0.2","224.0.0.251","IGMPv2","60","Membership Query, specific for group 224.0.0.251"
"319","60.286162780","10.150.0.2","224.0.0.251","IGMPv2","60","Membership Query, specific for group 224.0.0.251"
"320","60.655163927","10.150.128.28","224.0.0.251","IGMPv2","46","Membership Report group 224.0.0.251"
"321","61.201548563","10.150.6.9","10.150.128.28","TCP","131","60652  >  65473 [PSH, ACK] Seq=91661 Ack=1 Win=29312 Len=65 TSval=7802 TSecr=3972540621"
"322","61.201567158","10.150.128.28","10.150.6.9","TCP","66","65473  >  60652 [ACK] Seq=1 Ack=91726 Win=64128 Len=0 TSval=3972542666 TSecr=7802"
"323","61.609611457","10.150.0.2","224.0.0.251","IGMPv2","60","Membership Query, specific for group 224.0.0.251"
"324","62.323132908","10.150.128.28","224.0.0.251","IGMPv2","46","Membership Report group 224.0.0.251"
"325","62.863707388","10.150.128.28","128.135.247.50","DNS","100","Standard query 0x41d9 AAAA connectivity-check.ubuntu.com OPT"
"326","62.866903705","128.135.247.50","10.150.128.28","DNS","161","Standard query response 0x41d9 AAAA connectivity-check.ubuntu.com SOA ns1.canonical.com OPT"
"327","63.145908227","142.250.191.170","10.150.128.28","TLSv1.2","151","Application Data"
"328","63.145931935","10.150.128.28","142.250.191.170","TCP","66","32956  >  443 [ACK] Seq=717 Ack=1085 Win=501 Len=0 TSval=442331523 TSecr=1432278508"
"329","63.146027161","142.250.191.170","10.150.128.28","TLSv1.2","97","Application Data"
"330","63.146027262","142.250.191.170","10.150.128.28","TLSv1.2","105","Application Data"
"331","63.146034898","10.150.128.28","142.250.191.170","TCP","66","32956  >  443 [ACK] Seq=717 Ack=1116 Win=501 Len=0 TSval=442331523 TSecr=1432278508"
"332","63.146042722","10.150.128.28","142.250.191.170","TCP","66","32956  >  443 [ACK] Seq=717 Ack=1155 Win=501 Len=0 TSval=442331523 TSecr=1432278508"
"333","63.146145695","10.150.128.28","142.250.191.170","TLSv1.2","105","Application Data"
"334","63.146377491","10.150.6.9","10.150.128.28","TCP","131","60652  >  65473 [PSH, ACK] Seq=91726 Ack=1 Win=29312 Len=65 TSval=8304 TSecr=3972542666"
"335","63.146390405","10.150.128.28","10.150.6.9","TCP","66","65473  >  60652 [ACK] Seq=1 Ack=91791 Win=64128 Len=0 TSval=3972544611 TSecr=8304"
"336","63.155599035","142.250.191.170","10.150.128.28","TCP","66","443  >  32956 [ACK] Seq=1155 Ack=756 Win=476 Len=0 TSval=1432278589 TSecr=442331523"
"337","63.183665154","10.150.128.28","142.250.191.170","TLSv1.2","300","Application Data"
"338","63.186986052","142.250.191.170","10.150.128.28","TCP","66","443  >  32958 [ACK] Seq=279 Ack=782 Win=368 Len=0 TSval=1200648448 TSecr=442331561"
"339","63.220387364","142.250.191.170","10.150.128.28","TLSv1.2","135","Application Data"
"340","63.220704167","142.250.191.170","10.150.128.28","TLSv1.2","97","Application Data"
"341","63.220704309","142.250.191.170","10.150.128.28","TLSv1.2","105","Application Data"
"342","63.220853451","10.150.128.28","142.250.191.170","TCP","66","32958  >  443 [ACK] Seq=782 Ack=418 Win=501 Len=0 TSval=442331598 TSecr=1200648481"
"343","63.220892946","10.150.128.28","142.250.191.170","TLSv1.2","105","Application Data"
"344","63.221515549","10.150.128.28","142.250.191.170","TLSv1.2","504","Application Data"
"345","63.224517198","142.250.191.170","10.150.128.28","TCP","66","443  >  32956 [ACK] Seq=1155 Ack=1194 Win=487 Len=0 TSval=1432278659 TSecr=442331599"
"346","63.229676233","142.250.191.170","10.150.128.28","TCP","66","443  >  32958 [ACK] Seq=418 Ack=821 Win=368 Len=0 TSval=1200648490 TSecr=442331598"
"347","63.260866116","142.250.191.170","10.150.128.28","TLSv1.2","133","Application Data"
"348","63.260903739","10.150.128.28","142.250.191.170","TCP","66","32956  >  443 [ACK] Seq=1194 Ack=1222 Win=501 Len=0 TSval=442331638 TSecr=1432278693"
"349","63.261338762","142.250.191.170","10.150.128.28","TLSv1.2","115","Application Data"
"350","63.261352609","10.150.128.28","142.250.191.170","TCP","66","32956  >  443 [ACK] Seq=1194 Ack=1271 Win=501 Len=0 TSval=442331639 TSecr=1432278693"
"351","63.864412053","10.150.128.28","34.122.121.32","TCP","74","38880  >  80 [SYN] Seq=0 Win=64240 Len=0 MSS=1460 SACK_PERM=1 TSval=3318810290 TSecr=0 WS=128"
"352","64.879184266","10.150.128.28","34.122.121.32","TCP","74","[TCP Retransmission] 38880  >  80 [SYN] Seq=0 Win=64240 Len=0 MSS=1460 SACK_PERM=1 TSval=3318811305 TSecr=0 WS=128"
"353","64.893573615","34.122.121.32","10.150.128.28","TCP","74","80  >  38880 [SYN, ACK] Seq=0 Ack=1 Win=64768 Len=0 MSS=1380 SACK_PERM=1 TSval=3481757083 TSecr=3318811305 WS=128"
"354","64.893605647","10.150.128.28","34.122.121.32","TCP","66","38880  >  80 [ACK] Seq=1 Ack=1 Win=64256 Len=0 TSval=3318811319 TSecr=3481757083"
"355","64.893670050","10.150.128.28","34.122.121.32","HTTP","153","GET / HTTP/1.1 "
"356","64.906668776","34.122.121.32","10.150.128.28","TCP","66","80  >  38880 [ACK] Seq=1 Ack=88 Win=65024 Len=0 TSval=3481757159 TSecr=3318811319"
"357","64.964848073","34.122.121.32","10.150.128.28","HTTP","214","HTTP/1.1 204 No Content "
"358","64.964872417","10.150.128.28","34.122.121.32","TCP","66","38880  >  80 [ACK] Seq=88 Ack=149 Win=64128 Len=0 TSval=3318811390 TSecr=3481757217"
"359","64.964957455","10.150.128.28","34.122.121.32","TCP","66","38880  >  80 [FIN, ACK] Seq=88 Ack=149 Win=64128 Len=0 TSval=3318811390 TSecr=3481757217"
"360","64.964982392","34.122.121.32","10.150.128.28","TCP","66","80  >  38880 [FIN, ACK] Seq=149 Ack=88 Win=65024 Len=0 TSval=3481757217 TSecr=3318811319"
"361","64.964989790","10.150.128.28","34.122.121.32","TCP","66","38880  >  80 [ACK] Seq=89 Ack=150 Win=64128 Len=0 TSval=3318811390 TSecr=3481757217"
"362","64.977709920","34.122.121.32","10.150.128.28","TCP","66","80  >  38880 [ACK] Seq=150 Ack=89 Win=65024 Len=0 TSval=3481757230 TSecr=3318811390"
"363","65.198219075","10.150.6.9","10.150.128.28","TCP","131","60652  >  65473 [PSH, ACK] Seq=91791 Ack=1 Win=29312 Len=65 TSval=8803 TSecr=3972544611"
"364","65.198237147","10.150.128.28","10.150.6.9","TCP","66","65473  >  60652 [ACK] Seq=1 Ack=91856 Win=64128 Len=0 TSval=3972546663 TSecr=8803"
"365","66.486074091","10.150.128.28","128.135.247.50","DNS","85","Standard query 0x65f8 A edge.skype.com OPT"
"366","66.486180908","10.150.128.28","128.135.247.50","DNS","85","Standard query 0x4d63 AAAA edge.skype.com OPT"
"367","66.487601270","10.150.128.28","128.135.247.50","DNS","88","Standard query 0x87c5 A s-ring.msedge.net OPT"
"368","66.488454503","128.135.247.50","10.150.128.28","DNS","163","Standard query response 0x65f8 A edge.skype.com CNAME edge-skype-com.s-0001.s-msedge.net CNAME s-0001.s-msedge.net A 13.107.3.128 OPT"
"369","66.488971724","128.135.247.50","10.150.128.28","DNS","204","Standard query response 0x4d63 AAAA edge.skype.com CNAME edge-skype-com.s-0001.s-msedge.net CNAME s-0001.s-msedge.net SOA ns1.s-msedge.net OPT"
"370","66.489153438","10.150.128.28","128.135.247.50","DNS","90","Standard query 0x02e4 AAAA s-0001.s-msedge.net OPT"
"371","66.489387391","128.135.247.50","10.150.128.28","DNS","155","Standard query response 0x87c5 A s-ring.msedge.net CNAME s-ring.s-9999.s-msedge.net CNAME s-9999.s-msedge.net A 13.107.3.254 OPT"
"372","66.489664445","10.150.128.28","13.107.3.254","TCP","74","37456  >  443 [SYN] Seq=0 Win=64240 Len=0 MSS=1460 SACK_PERM=1 TSval=1087450934 TSecr=0 WS=128"
"373","66.490967927","128.135.247.50","10.150.128.28","DNS","150","Standard query response 0x02e4 AAAA s-0001.s-msedge.net SOA ns1.s-msedge.net OPT"
"374","66.491296461","10.150.128.28","13.107.3.128","TCP","74","57254  >  443 [SYN] Seq=0 Win=64240 Len=0 MSS=1460 SACK_PERM=1 TSval=751332489 TSecr=0 WS=128"
"375","66.493001016","13.107.3.254","10.150.128.28","TCP","66","443  >  37456 [SYN, ACK] Seq=0 Ack=1 Win=65535 Len=0 MSS=1380 WS=256 SACK_PERM=1"
"376","66.493018106","10.150.128.28","13.107.3.254","TCP","54","37456  >  443 [ACK] Seq=1 Ack=1 Win=64256 Len=0"
"377","66.493203076","10.150.128.28","13.107.3.254","TLSv1.2","571","Client Hello"
"378","66.494515528","13.107.3.128","10.150.128.28","TCP","66","443  >  57254 [SYN, ACK] Seq=0 Ack=1 Win=65535 Len=0 MSS=1380 WS=256 SACK_PERM=1"
"379","66.494525698","10.150.128.28","13.107.3.128","TCP","54","57254  >  443 [ACK] Seq=1 Ack=1 Win=64256 Len=0"
"380","66.494716271","10.150.128.28","13.107.3.128","TLSv1.2","307","Client Hello"
"381","66.496309883","13.107.3.254","10.150.128.28","TCP","56","443  >  37456 [ACK] Seq=1 Ack=518 Win=4194560 Len=0"
"382","66.497838621","13.107.3.128","10.150.128.28","TCP","56","443  >  57254 [ACK] Seq=1 Ack=254 Win=4194816 Len=0"
"383","66.498867208","13.107.3.254","10.150.128.28","TCP","1434","443  >  37456 [ACK] Seq=1 Ack=518 Win=4194560 Len=1380 [TCP segment of a reassembled PDU]"
"384","66.498878238","10.150.128.28","13.107.3.254","TCP","54","37456  >  443 [ACK] Seq=518 Ack=1381 Win=63104 Len=0"
"385","66.499669927","13.107.3.254","10.150.128.28","TCP","4194","443  >  37456 [ACK] Seq=1381 Ack=518 Win=4194560 Len=4140 [TCP segment of a reassembled PDU]"
"386","66.499678726","10.150.128.28","13.107.3.254","TCP","54","37456  >  443 [ACK] Seq=518 Ack=5521 Win=59008 Len=0"
"387","66.500177008","13.107.3.254","10.150.128.28","TLSv1.2","788","Server Hello, Certificate, Certificate Status, Server Key Exchange, Server Hello Done"
"388","66.500183722","10.150.128.28","13.107.3.254","TCP","54","37456  >  443 [ACK] Seq=518 Ack=6255 Win=63104 Len=0"
"389","66.500999881","13.107.3.128","10.150.128.28","TCP","1434","443  >  57254 [ACK] Seq=1 Ack=254 Win=4194816 Len=1380 [TCP segment of a reassembled PDU]"
"390","66.501015523","10.150.128.28","13.107.3.128","TCP","54","57254  >  443 [ACK] Seq=254 Ack=1381 Win=63104 Len=0"
"391","66.501789322","13.107.3.128","10.150.128.28","TCP","2814","443  >  57254 [ACK] Seq=1381 Ack=254 Win=4194816 Len=2760 [TCP segment of a reassembled PDU]"
"392","66.501794339","10.150.128.28","13.107.3.128","TCP","54","57254  >  443 [ACK] Seq=254 Ack=4141 Win=61056 Len=0"
"393","66.502400980","13.107.3.128","10.150.128.28","TLSv1.2","618","Server Hello, Certificate, Server Key Exchange, Server Hello Done"
"394","66.502405065","10.150.128.28","13.107.3.128","TCP","54","57254  >  443 [ACK] Seq=254 Ack=4705 Win=63104 Len=0"
"395","66.503002144","10.150.128.28","13.107.3.254","TLSv1.2","212","Client Key Exchange, Change Cipher Spec, Encrypted Handshake Message"
"396","66.503199668","10.150.128.28","13.107.3.254","TLSv1.2","433","Application Data, Application Data"
"397","66.504285850","10.150.128.28","13.107.3.128","TLSv1.2","212","Client Key Exchange, Change Cipher Spec, Encrypted Handshake Message"
"398","66.505704307","13.107.3.254","10.150.128.28","TCP","56","443  >  37456 [ACK] Seq=6255 Ack=676 Win=4194304 Len=0"
"399","66.506060575","13.107.3.254","10.150.128.28","TCP","56","443  >  37456 [ACK] Seq=6255 Ack=1055 Win=4194048 Len=0"
"400","66.507016690","13.107.3.128","10.150.128.28","TCP","56","443  >  57254 [ACK] Seq=4705 Ack=412 Win=4194560 Len=0"
"401","66.508268325","13.107.3.254","10.150.128.28","TLSv1.2","105","Change Cipher Spec, Encrypted Handshake Message"
"402","66.508275509","10.150.128.28","13.107.3.254","TCP","54","37456  >  443 [ACK] Seq=1055 Ack=6306 Win=64128 Len=0"
"403","66.508597996","13.107.3.254","10.150.128.28","TLSv1.2","123","Application Data"
"404","66.508601594","10.150.128.28","13.107.3.254","TCP","54","37456  >  443 [ACK] Seq=1055 Ack=6375 Win=64128 Len=0"
"405","66.508703896","10.150.128.28","13.107.3.254","TLSv1.2","92","Application Data"
"406","66.508877027","13.107.3.128","10.150.128.28","TLSv1.2","105","Change Cipher Spec, Encrypted Handshake Message"
"407","66.508880936","10.150.128.28","13.107.3.128","TCP","54","57254  >  443 [ACK] Seq=412 Ack=4756 Win=64128 Len=0"
"408","66.509616880","10.150.128.28","13.107.3.128","TCP","1434","57254  >  443 [ACK] Seq=412 Ack=4756 Win=64128 Len=1380 [TCP segment of a reassembled PDU]"
"409","66.509625773","10.150.128.28","13.107.3.128","TCP","1434","57254  >  443 [ACK] Seq=1792 Ack=4756 Win=64128 Len=1380 [TCP segment of a reassembled PDU]"
"410","66.509627685","10.150.128.28","13.107.3.128","TLSv1.2","498","Application Data"
"411","66.510908564","13.107.3.254","10.150.128.28","TLSv1.2","606","Application Data, Application Data"
"412","66.510916400","10.150.128.28","13.107.3.254","TCP","54","37456  >  443 [ACK] Seq=1093 Ack=6927 Win=63616 Len=0"
"413","66.511466334","13.107.3.254","10.150.128.28","TLSv1.2","92","Application Data"
"414","66.511472224","10.150.128.28","13.107.3.254","TCP","54","37456  >  443 [ACK] Seq=1093 Ack=6965 Win=64128 Len=0"
"415","66.511997911","13.107.3.254","10.150.128.28","TCP","56","443  >  37456 [ACK] Seq=6965 Ack=1093 Win=4194048 Len=0"
"416","66.512675215","13.107.3.128","10.150.128.28","TCP","56","443  >  57254 [ACK] Seq=4756 Ack=1792 Win=4195072 Len=0"
"417","66.513090061","13.107.3.128","10.150.128.28","TCP","66","[TCP Dup ACK 416#1] 443  >  57254 [ACK] Seq=4756 Ack=1792 Win=4195072 Len=0 SLE=3172 SRE=3616"
"418","66.513550124","10.150.128.28","13.107.3.254","TLSv1.2","143","Application Data"
"419","66.513950640","13.107.3.128","10.150.128.28","TCP","56","443  >  57254 [ACK] Seq=4756 Ack=3616 Win=4195072 Len=0"
"420","66.514271364","13.107.3.128","10.150.128.28","TLSv1.2","281","Application Data"
"421","66.514628336","10.150.128.28","13.107.3.128","TLSv1.2","85","Encrypted Alert"
"422","66.514759647","10.150.128.28","13.107.3.128","TCP","54","57254  >  443 [FIN, ACK] Seq=3647 Ack=4984 Win=64128 Len=0"
"423","66.517251298","13.107.3.254","10.150.128.28","TCP","56","443  >  37456 [ACK] Seq=6965 Ack=1182 Win=4193792 Len=0"
"424","66.517578639","13.107.3.128","10.150.128.28","TCP","56","443  >  57254 [ACK] Seq=4984 Ack=3647 Win=4195072 Len=0"
"425","66.518275066","13.107.3.128","10.150.128.28","TCP","56","443  >  57254 [ACK] Seq=4984 Ack=3648 Win=4195072 Len=0"
"426","66.520908240","13.107.3.254","10.150.128.28","TLSv1.2","253","Application Data"
"427","66.521236447","13.107.3.254","10.150.128.28","TLSv1.2","92","Application Data"
"428","66.521659448","10.150.128.28","13.107.3.254","TCP","54","37456  >  443 [ACK] Seq=1182 Ack=7202 Win=64128 Len=0"
"429","66.523492527","10.150.128.28","128.135.247.50","DNS","88","Standard query 0x490f A k-ring.msedge.net OPT"
"430","66.527073337","128.135.247.50","10.150.128.28","DNS","155","Standard query response 0x490f A k-ring.msedge.net CNAME k-ring.k-9999.k-msedge.net CNAME k-9999.k-msedge.net A 13.107.18.254 OPT"
"431","66.527363118","10.150.128.28","13.107.18.254","TCP","74","55668  >  443 [SYN] Seq=0 Win=64240 Len=0 MSS=1460 SACK_PERM=1 TSval=4052989922 TSecr=0 WS=128"
"432","66.544670823","13.107.18.254","10.150.128.28","TCP","66","443  >  55668 [SYN, ACK] Seq=0 Ack=1 Win=65535 Len=0 MSS=1380 WS=256 SACK_PERM=1"
"433","66.544699279","10.150.128.28","13.107.18.254","TCP","54","55668  >  443 [ACK] Seq=1 Ack=1 Win=64256 Len=0"
"434","66.544930534","10.150.128.28","13.107.18.254","TLSv1.2","571","Client Hello"
"435","66.562165845","13.107.18.254","10.150.128.28","TCP","56","443  >  55668 [ACK] Seq=1 Ack=518 Win=4194560 Len=0"
"436","66.564194327","13.107.18.254","10.150.128.28","TCP","1434","443  >  55668 [ACK] Seq=1 Ack=518 Win=4194560 Len=1380 [TCP segment of a reassembled PDU]"
"437","66.564210994","10.150.128.28","13.107.18.254","TCP","54","55668  >  443 [ACK] Seq=518 Ack=1381 Win=63104 Len=0"
"438","66.565018025","13.107.18.254","10.150.128.28","TCP","4194","443  >  55668 [ACK] Seq=1381 Ack=518 Win=4194560 Len=4140 [TCP segment of a reassembled PDU]"
"439","66.565027368","10.150.128.28","13.107.18.254","TCP","54","55668  >  443 [ACK] Seq=518 Ack=5521 Win=59008 Len=0"
"440","66.565455014","13.107.18.254","10.150.128.28","TLSv1.2","792","Server Hello, Certificate, Certificate Status, Server Key Exchange, Server Hello Done"
"441","66.565461554","10.150.128.28","13.107.18.254","TCP","54","55668  >  443 [ACK] Seq=518 Ack=6259 Win=63104 Len=0"
"442","66.568867619","10.150.128.28","13.107.18.254","TLSv1.2","212","Client Key Exchange, Change Cipher Spec, Encrypted Handshake Message"
"443","66.569077542","10.150.128.28","13.107.18.254","TLSv1.2","434","Application Data, Application Data"
"444","66.585814711","13.107.18.254","10.150.128.28","TCP","56","443  >  55668 [ACK] Seq=6259 Ack=676 Win=4194304 Len=0"
"445","66.586157325","13.107.18.254","10.150.128.28","TCP","56","443  >  55668 [ACK] Seq=6259 Ack=1056 Win=4194048 Len=0"
"446","66.587951698","13.107.18.254","10.150.128.28","TLSv1.2","396","New Session Ticket, Change Cipher Spec, Encrypted Handshake Message"
"447","66.587961338","10.150.128.28","13.107.18.254","TCP","54","55668  >  443 [ACK] Seq=1056 Ack=6601 Win=63872 Len=0"
"448","66.588341370","13.107.18.254","10.150.128.28","TLSv1.2","123","Application Data"
"449","66.588346891","10.150.128.28","13.107.18.254","TCP","54","55668  >  443 [ACK] Seq=1056 Ack=6670 Win=64128 Len=0"
"450","66.588419967","10.150.128.28","13.107.18.254","TLSv1.2","92","Application Data"
"451","66.589290103","13.107.18.254","10.150.128.28","TLSv1.2","606","Application Data, Application Data"
"452","66.589297582","10.150.128.28","13.107.18.254","TCP","54","55668  >  443 [ACK] Seq=1094 Ack=7222 Win=63616 Len=0"
"453","66.589913016","13.107.18.254","10.150.128.28","TLSv1.2","92","Application Data"
"454","66.589921577","10.150.128.28","13.107.18.254","TCP","54","55668  >  443 [ACK] Seq=1094 Ack=7260 Win=64128 Len=0"
"455","66.592006884","10.150.128.28","13.107.18.254","TLSv1.2","142","Application Data"
"456","66.605181607","13.107.18.254","10.150.128.28","TCP","56","443  >  55668 [ACK] Seq=7260 Ack=1094 Win=4194048 Len=0"
"457","66.609001926","13.107.18.254","10.150.128.28","TCP","56","443  >  55668 [ACK] Seq=7260 Ack=1182 Win=4193792 Len=0"
"458","66.611551322","13.107.18.254","10.150.128.28","TLSv1.2","253","Application Data"
"459","66.611561537","10.150.128.28","13.107.18.254","TCP","54","55668  >  443 [ACK] Seq=1182 Ack=7459 Win=64000 Len=0"
"460","66.612231281","13.107.18.254","10.150.128.28","TLSv1.2","92","Application Data"
"461","66.612244932","10.150.128.28","13.107.18.254","TCP","54","55668  >  443 [ACK] Seq=1182 Ack=7497 Win=64128 Len=0"
"462","66.614191609","10.150.128.28","13.107.3.254","TLSv1.2","195","Application Data"
"463","66.616994478","13.107.3.254","10.150.128.28","TCP","56","443  >  37456 [ACK] Seq=7202 Ack=1323 Win=4193792 Len=0"
"464","66.619752122","13.107.3.254","10.150.128.28","TLSv1.2","254","Application Data"
"465","66.620234120","13.107.3.254","10.150.128.28","TLSv1.2","92","Application Data"
"466","66.620508407","10.150.128.28","13.107.3.254","TCP","54","37456  >  443 [ACK] Seq=1323 Ack=7440 Win=64128 Len=0"
"467","66.622032084","10.150.128.28","13.107.3.254","TLSv1.2","142","Application Data"
"468","66.625681753","13.107.3.254","10.150.128.28","TCP","56","443  >  37456 [ACK] Seq=7440 Ack=1411 Win=4195072 Len=0"
"469","66.629402942","13.107.3.254","10.150.128.28","TCP","1434","443  >  37456 [ACK] Seq=7440 Ack=1411 Win=4195072 Len=1380 [TCP segment of a reassembled PDU]"
"470","66.631460916","13.107.3.254","10.150.128.28","TCP","2814","443  >  37456 [ACK] Seq=8820 Ack=1411 Win=4195072 Len=2760 [TCP segment of a reassembled PDU]"
"471","66.631527468","10.150.128.28","13.107.3.254","TCP","54","37456  >  443 [ACK] Seq=1411 Ack=11580 Win=64128 Len=0"
"472","66.631641498","13.107.3.254","10.150.128.28","TLSv1.2","4319","Application Data"
"473","66.631641563","13.107.3.254","10.150.128.28","TLSv1.2","8284","Application Data"
"474","66.631658742","13.107.3.254","10.150.128.28","TCP","5574","443  >  37456 [ACK] Seq=24075 Ack=1411 Win=4195072 Len=5520 [TCP segment of a reassembled PDU]"
"475","66.631702297","10.150.128.28","13.107.3.254","TCP","54","37456  >  443 [ACK] Seq=1411 Ack=29595 Win=46208 Len=0"
"476","66.633189317","13.107.3.254","10.150.128.28","TLSv1.2","2764","Application Data"
"477","66.633189522","13.107.3.254","10.150.128.28","TCP","2814","443  >  37456 [ACK] Seq=32305 Ack=1411 Win=4195072 Len=2760 [TCP segment of a reassembled PDU]"
"478","66.633203468","10.150.128.28","13.107.3.254","TCP","54","37456  >  443 [ACK] Seq=1411 Ack=32305 Win=61056 Len=0"
"479","66.633244813","10.150.128.28","13.107.3.254","TCP","54","37456  >  443 [ACK] Seq=1411 Ack=35065 Win=64128 Len=0"
"480","66.633652927","13.107.3.254","10.150.128.28","TCP","1434","443  >  37456 [ACK] Seq=35065 Ack=1411 Win=4195072 Len=1380 [TCP segment of a reassembled PDU]"
"481","66.636906814","13.107.3.254","10.150.128.28","TCP","2814","443  >  37456 [ACK] Seq=36445 Ack=1411 Win=4195072 Len=2760 [TCP segment of a reassembled PDU]"
"482","66.636945700","10.150.128.28","13.107.3.254","TCP","54","37456  >  443 [ACK] Seq=1411 Ack=39205 Win=64128 Len=0"
"483","66.637113234","13.107.3.254","10.150.128.28","TLSv1.2","1434","Application Data [TCP segment of a reassembled PDU]"
"484","66.637113286","13.107.3.254","10.150.128.28","TLSv1.2","8334","Application Data [TCP segment of a reassembled PDU]"
"485","66.637113312","13.107.3.254","10.150.128.28","TLSv1.2","8334","Application Data [TCP segment of a reassembled PDU]"
"486","66.637124657","13.107.3.254","10.150.128.28","TCP","1434","443  >  37456 [ACK] Seq=57145 Ack=1411 Win=4195072 Len=1380 [TCP segment of a reassembled PDU]"
"487","66.637136473","10.150.128.28","13.107.3.254","TCP","54","37456  >  443 [ACK] Seq=1411 Ack=58525 Win=44928 Len=0"
"488","66.640073661","13.107.3.254","10.150.128.28","TCP","2814","443  >  37456 [ACK] Seq=58525 Ack=1411 Win=4195072 Len=2760 [TCP segment of a reassembled PDU]"
"489","66.640083043","10.150.128.28","13.107.3.254","TCP","54","37456  >  443 [ACK] Seq=1411 Ack=61285 Win=61056 Len=0"
"490","66.640281476","13.107.3.254","10.150.128.28","TLSv1.2","4194","Application Data [TCP segment of a reassembled PDU]"
"491","66.640281538","13.107.3.254","10.150.128.28","TLSv1.2","8334","Application Data [TCP segment of a reassembled PDU]"
"492","66.640300543","13.107.3.254","10.150.128.28","TCP","6954","443  >  37456 [ACK] Seq=73705 Ack=1411 Win=4195072 Len=6900 [TCP segment of a reassembled PDU]"
"493","66.640309767","10.150.128.28","13.107.3.254","TCP","54","37456  >  443 [ACK] Seq=1411 Ack=73705 Win=64128 Len=0"
"494","66.640318873","10.150.128.28","13.107.3.254","TCP","54","37456  >  443 [ACK] Seq=1411 Ack=80605 Win=77952 Len=0"
"495","66.640482232","13.107.3.254","10.150.128.28","TLSv1.2","1434","Application Data [TCP segment of a reassembled PDU]"
"496","66.644434155","13.107.3.254","10.150.128.28","TLSv1.2","8334","Application Data [TCP segment of a reassembled PDU]"
"497","66.644446914","10.150.128.28","13.107.3.254","TCP","54","37456  >  443 [ACK] Seq=1411 Ack=90265 Win=97280 Len=0"
"498","66.644514309","13.107.3.254","10.150.128.28","TLSv1.2","8334","Application Data [TCP segment of a reassembled PDU]"
"499","66.644514380","13.107.3.254","10.150.128.28","TCP","2814","443  >  37456 [ACK] Seq=98545 Ack=1411 Win=4195072 Len=2760 [TCP segment of a reassembled PDU]"
"500","66.644523210","10.150.128.28","13.107.3.254","TCP","54","37456  >  443 [ACK] Seq=1411 Ack=98545 Win=113792 Len=0"
"501","66.644533307","10.150.128.28","13.107.3.254","TCP","54","37456  >  443 [ACK] Seq=1411 Ack=101305 Win=119296 Len=0"
"502","66.645661795","13.107.3.254","10.150.128.28","TLSv1.2","5574","Application Data [TCP segment of a reassembled PDU]"
"503","66.645661954","13.107.3.254","10.150.128.28","TCP","2814","443  >  37456 [ACK] Seq=106825 Ack=1411 Win=4195072 Len=2760 [TCP segment of a reassembled PDU]"
"504","66.645670968","10.150.128.28","13.107.3.254","TCP","54","37456  >  443 [ACK] Seq=1411 Ack=106825 Win=130432 Len=0"
"505","66.645681536","10.150.128.28","13.107.3.254","TCP","54","37456  >  443 [ACK] Seq=1411 Ack=109585 Win=135936 Len=0"
"506","66.646276445","13.107.3.254","10.150.128.28","TLSv1.2","1382","Application Data, Application Data"
"507","66.648160493","10.150.128.28","13.107.18.254","TLSv1.2","195","Application Data"
"508","66.664979395","13.107.18.254","10.150.128.28","TCP","56","443  >  55668 [ACK] Seq=7497 Ack=1323 Win=4193792 Len=0"
"509","66.667295553","13.107.18.254","10.150.128.28","TLSv1.2","254","Application Data"
"510","66.667601600","13.107.18.254","10.150.128.28","TLSv1.2","92","Application Data"
"511","66.667672701","10.150.128.28","13.107.18.254","TCP","54","55668  >  443 [ACK] Seq=1323 Ack=7735 Win=64128 Len=0"
"512","66.669893463","10.150.128.28","13.107.18.254","TLSv1.2","143","Application Data"
"513","66.686851425","13.107.18.254","10.150.128.28","TCP","56","443  >  55668 [ACK] Seq=7735 Ack=1412 Win=4195072 Len=0"
"514","66.687127746","10.150.128.28","13.107.3.254","TCP","54","37456  >  443 [ACK] Seq=1411 Ack=110913 Win=138624 Len=0"
"515","66.691949176","13.107.18.254","10.150.128.28","TCP","2814","443  >  55668 [ACK] Seq=7735 Ack=1412 Win=4195072 Len=2760 [TCP segment of a reassembled PDU]"
"516","66.692041918","10.150.128.28","13.107.18.254","TCP","54","55668  >  443 [ACK] Seq=1412 Ack=10495 Win=64128 Len=0"
"517","66.692088713","13.107.18.254","10.150.128.28","TLSv1.2","5699","Application Data"
"518","66.692088792","13.107.18.254","10.150.128.28","TLSv1.2","8284","Application Data"
"519","66.692104337","13.107.18.254","10.150.128.28","TCP","4194","443  >  55668 [ACK] Seq=24370 Ack=1412 Win=4195072 Len=4140 [TCP segment of a reassembled PDU]"
"520","66.692173198","10.150.128.28","13.107.18.254","TCP","54","55668  >  443 [ACK] Seq=1412 Ack=28510 Win=46208 Len=0"
"521","66.692219213","13.107.18.254","10.150.128.28","TCP","1434","443  >  55668 [ACK] Seq=28510 Ack=1412 Win=4195072 Len=1380 [TCP segment of a reassembled PDU]"
"522","66.693416864","13.107.18.254","10.150.128.28","TLSv1.2","2764","Application Data"
"523","66.693416993","13.107.18.254","10.150.128.28","TLSv1.2","1434","[TCP Previous segment not captured] , Ignored Unknown Record"
"524","66.693417020","13.107.18.254","10.150.128.28","TCP","1434","[TCP Out-Of-Order] 443  >  55668 [ACK] Seq=32600 Ack=1412 Win=4195072 Len=1380"
"525","66.693441701","10.150.128.28","13.107.18.254","TCP","54","55668  >  443 [ACK] Seq=1412 Ack=32600 Win=61056 Len=0"
"526","66.693459822","10.150.128.28","13.107.18.254","TCP","66","[TCP Dup ACK 525#1] 55668  >  443 [ACK] Seq=1412 Ack=32600 Win=61056 Len=0 SLE=33980 SRE=35360"
"527","66.693464021","10.150.128.28","13.107.18.254","TCP","54","55668  >  443 [ACK] Seq=1412 Ack=35360 Win=58368 Len=0"
"528","66.694094873","13.107.18.254","10.150.128.28","TLSv1.2","1434","Ignored Unknown Record"
"529","66.709374632","13.107.18.254","10.150.128.28","TLSv1.2","1434","Ignored Unknown Record"
"530","66.709389860","10.150.128.28","13.107.18.254","TCP","54","55668  >  443 [ACK] Seq=1412 Ack=38120 Win=63104 Len=0"
"531","66.711137595","13.107.18.254","10.150.128.28","TLSv1.2","1434","Ignored Unknown Record"
"532","66.711804048","13.107.18.254","10.150.128.28","TLSv1.2","1434","Ignored Unknown Record"
"533","66.711804141","13.107.18.254","10.150.128.28","TLSv1.2","8334","Ignored Unknown Record"
"534","66.711804175","13.107.18.254","10.150.128.28","TLSv1.2","8334","Ignored Unknown Record"
"535","66.711813721","10.150.128.28","13.107.18.254","TCP","54","55668  >  443 [ACK] Seq=1412 Ack=40880 Win=63104 Len=0"
"536","66.711832849","13.107.18.254","10.150.128.28","TCP","4194","443  >  55668 [ACK] Seq=57440 Ack=1412 Win=4195072 Len=4140 [TCP segment of a reassembled PDU]"
"537","66.711851143","10.150.128.28","13.107.18.254","TCP","54","55668  >  443 [ACK] Seq=1412 Ack=61580 Win=42496 Len=0"
"538","66.713444783","13.107.18.254","10.150.128.28","TCP","1434","443  >  55668 [ACK] Seq=61580 Ack=1412 Win=4195072 Len=1380 [TCP segment of a reassembled PDU]"
"539","66.713989767","13.107.18.254","10.150.128.28","TCP","2814","443  >  55668 [PSH, ACK] Seq=62960 Ack=1412 Win=4195072 Len=2760 [TCP segment of a reassembled PDU]"
"540","66.713989826","13.107.18.254","10.150.128.28","TCP","8334","443  >  55668 [PSH, ACK] Seq=65720 Ack=1412 Win=4195072 Len=8280 [TCP segment of a reassembled PDU]"
"541","66.713997218","10.150.128.28","13.107.18.254","TCP","54","55668  >  443 [ACK] Seq=1412 Ack=65720 Win=61056 Len=0"
"542","66.714019220","13.107.18.254","10.150.128.28","TCP","5574","443  >  55668 [ACK] Seq=74000 Ack=1412 Win=4195072 Len=5520 [TCP segment of a reassembled PDU]"
"543","66.714019267","13.107.18.254","10.150.128.28","TCP","2814","443  >  55668 [PSH, ACK] Seq=79520 Ack=1412 Win=4195072 Len=2760 [TCP segment of a reassembled PDU]"
"544","66.714066239","10.150.128.28","13.107.18.254","TCP","54","55668  >  443 [ACK] Seq=1412 Ack=82280 Win=64128 Len=0"
"545","66.714513214","13.107.18.254","10.150.128.28","TCP","1434","443  >  55668 [ACK] Seq=82280 Ack=1412 Win=4195072 Len=1380 [TCP segment of a reassembled PDU]"
"546","66.714970642","13.107.18.254","10.150.128.28","TCP","1434","443  >  55668 [ACK] Seq=83660 Ack=1412 Win=4195072 Len=1380 [TCP segment of a reassembled PDU]"
"547","66.714975243","10.150.128.28","13.107.18.254","TCP","54","55668  >  443 [ACK] Seq=1412 Ack=85040 Win=69632 Len=0"
"548","66.730840773","13.107.18.254","10.150.128.28","TLSv1.2","1434","Encrypted Handshake Message, Ignored Unknown Record"
"549","66.732495303","13.107.18.254","10.150.128.28","TLSv1.2","4194","Ignored Unknown Record"
"550","66.732495447","13.107.18.254","10.150.128.28","TLSv1.2","4194","Ignored Unknown Record"
"551","66.732506455","10.150.128.28","13.107.18.254","TCP","54","55668  >  443 [ACK] Seq=1412 Ack=90560 Win=80640 Len=0"
"552","66.732523440","10.150.128.28","13.107.18.254","TCP","54","55668  >  443 [ACK] Seq=1412 Ack=94700 Win=88960 Len=0"
"553","66.732543470","13.107.18.254","10.150.128.28","TCP","4194","443  >  55668 [PSH, ACK] Seq=94700 Ack=1412 Win=4195072 Len=4140 [TCP segment of a reassembled PDU]"
"554","66.732543539","13.107.18.254","10.150.128.28","TCP","1434","443  >  55668 [ACK] Seq=98840 Ack=1412 Win=4195072 Len=1380 [TCP segment of a reassembled PDU]"
"555","66.732553980","10.150.128.28","13.107.18.254","TCP","54","55668  >  443 [ACK] Seq=1412 Ack=100220 Win=99968 Len=0"
"556","66.733868798","13.107.18.254","10.150.128.28","TCP","6954","443  >  55668 [PSH, ACK] Seq=100220 Ack=1412 Win=4195072 Len=6900 [TCP segment of a reassembled PDU]"
"557","66.733868887","13.107.18.254","10.150.128.28","TCP","2814","443  >  55668 [ACK] Seq=107120 Ack=1412 Win=4195072 Len=2760 [TCP segment of a reassembled PDU]"
"558","66.733876632","10.150.128.28","13.107.18.254","TCP","54","55668  >  443 [ACK] Seq=1412 Ack=107120 Win=113792 Len=0"
"559","66.733888479","10.150.128.28","13.107.18.254","TCP","54","55668  >  443 [ACK] Seq=1412 Ack=109880 Win=119296 Len=0"
"560","66.734786463","13.107.18.254","10.150.128.28","TCP","1382","443  >  55668 [PSH, ACK] Seq=109880 Ack=1412 Win=4195072 Len=1328 [TCP segment of a reassembled PDU]"
"561","66.737185422","10.150.128.28","128.135.247.50","DNS","85","Standard query 0xc15d A fpc.msedge.net OPT"
"562","66.738746082","128.135.247.50","10.150.128.28","DNS","152","Standard query response 0xc15d A fpc.msedge.net CNAME 4.perf.msedge.net CNAME b-0008.b-msedge.net A 13.107.6.163 OPT"
"563","66.739103610","10.150.128.28","13.107.6.163","TCP","74","50878  >  443 [SYN] Seq=0 Win=64240 Len=0 MSS=1460 SACK_PERM=1 TSval=256349238 TSecr=0 WS=128"
"564","66.743573350","13.107.6.163","10.150.128.28","TCP","66","443  >  50878 [SYN, ACK] Seq=0 Ack=1 Win=65535 Len=0 MSS=1380 WS=256 SACK_PERM=1"
"565","66.743593928","10.150.128.28","13.107.6.163","TCP","54","50878  >  443 [ACK] Seq=1 Ack=1 Win=64256 Len=0"
"566","66.743824479","10.150.128.28","13.107.6.163","TLSv1.2","571","Client Hello"
"567","66.747689541","13.107.6.163","10.150.128.28","TCP","56","443  >  50878 [ACK] Seq=1 Ack=518 Win=4194560 Len=0"
"568","66.749710701","13.107.6.163","10.150.128.28","TCP","1434","443  >  50878 [ACK] Seq=1 Ack=518 Win=4194560 Len=1380 [TCP segment of a reassembled PDU]"
"569","66.749723549","10.150.128.28","13.107.6.163","TCP","54","50878  >  443 [ACK] Seq=518 Ack=1381 Win=63104 Len=0"
"570","66.750676208","13.107.6.163","10.150.128.28","TCP","4194","443  >  50878 [ACK] Seq=1381 Ack=518 Win=4194560 Len=4140 [TCP segment of a reassembled PDU]"
"571","66.750686585","10.150.128.28","13.107.6.163","TCP","54","50878  >  443 [ACK] Seq=518 Ack=5521 Win=59008 Len=0"
"572","66.751223251","13.107.6.163","10.150.128.28","TLSv1.2","792","Server Hello, Certificate, Certificate Status, Server Key Exchange, Server Hello Done"
"573","66.751227774","10.150.128.28","13.107.6.163","TCP","54","50878  >  443 [ACK] Seq=518 Ack=6259 Win=63104 Len=0"
"574","66.754906742","10.150.128.28","13.107.6.163","TLSv1.2","212","Client Key Exchange, Change Cipher Spec, Encrypted Handshake Message"
"575","66.755147565","10.150.128.28","13.107.6.163","TLSv1.2","153","Application Data"
"576","66.755213175","10.150.128.28","13.107.6.163","TLSv1.2","1257","Application Data"
"577","66.758569025","13.107.6.163","10.150.128.28","TCP","56","443  >  50878 [ACK] Seq=6259 Ack=676 Win=4194304 Len=0"
"578","66.758920051","13.107.6.163","10.150.128.28","TCP","56","443  >  50878 [ACK] Seq=6259 Ack=775 Win=4194304 Len=0"
"579","66.759362217","13.107.6.163","10.150.128.28","TCP","56","443  >  50878 [ACK] Seq=6259 Ack=1978 Win=4195072 Len=0"
"580","66.759755751","13.107.6.163","10.150.128.28","TLSv1.2","396","New Session Ticket, Change Cipher Spec, Encrypted Handshake Message"
"581","66.759763394","10.150.128.28","13.107.6.163","TCP","54","50878  >  443 [ACK] Seq=1978 Ack=6601 Win=63872 Len=0"
"582","66.760546288","13.107.6.163","10.150.128.28","TLSv1.2","123","Application Data"
"583","66.760551970","10.150.128.28","13.107.6.163","TCP","54","50878  >  443 [ACK] Seq=1978 Ack=6670 Win=64128 Len=0"
"584","66.760612548","10.150.128.28","13.107.6.163","TLSv1.2","92","Application Data"
"585","66.761818489","13.107.6.163","10.150.128.28","TLSv1.2","294","Application Data, Application Data"
"586","66.761824993","10.150.128.28","13.107.6.163","TCP","54","50878  >  443 [ACK] Seq=2016 Ack=6910 Win=64000 Len=0"
"587","66.762369949","13.107.6.163","10.150.128.28","TLSv1.2","92","Application Data"
"588","66.762376949","10.150.128.28","13.107.6.163","TCP","54","50878  >  443 [ACK] Seq=2016 Ack=6948 Win=64128 Len=0"
"589","66.764110700","13.107.6.163","10.150.128.28","TCP","56","443  >  50878 [ACK] Seq=6948 Ack=2016 Win=4195072 Len=0"
"590","66.775192984","10.150.128.28","13.107.18.254","TCP","54","55668  >  443 [ACK] Seq=1412 Ack=111208 Win=122112 Len=0"
"591","67.241940057","10.150.6.9","10.150.128.28","TCP","131","60652  >  65473 [PSH, ACK] Seq=91856 Ack=1 Win=29312 Len=65 TSval=9303 TSecr=3972546663"
"592","67.241957350","10.150.128.28","10.150.6.9","TCP","66","65473  >  60652 [ACK] Seq=1 Ack=91921 Win=64128 Len=0 TSval=3972548706 TSecr=9303"
"593","68.368655360","140.82.114.26","10.150.128.28","TLSv1.2","92","Application Data"
"594","68.368808114","10.150.128.28","140.82.114.26","TLSv1.2","96","Application Data"
"595","68.385039284","140.82.114.26","10.150.128.28","TCP","66","443  >  60728 [ACK] Seq=52 Ack=60 Win=70 Len=0 TSval=1276820161 TSecr=4137956870"
"596","68.572496067","10.150.128.28","13.83.65.43","TCP","1434","[TCP Previous segment not captured] 34128  >  443 [ACK] Seq=2 Ack=1 Win=501 Len=1380 [TCP segment of a reassembled PDU]"
"597","68.572516953","10.150.128.28","13.83.65.43","TLSv1.2","1388","Application Data"
"598","68.573770031","10.150.128.28","13.83.65.43","TLSv1.2","98","Application Data"
"599","68.599212144","52.89.17.198","10.150.128.28","TLSv1.2","97","Application Data"
"600","68.599235581","10.150.128.28","52.89.17.198","TCP","66","58948  >  443 [ACK] Seq=1 Ack=32 Win=501 Len=0 TSval=2443533797 TSecr=3098618054"
"601","68.599349607","10.150.128.28","52.89.17.198","TLSv1.2","101","Application Data"
"602","68.625443978","13.83.65.43","10.150.128.28","TCP","56","[TCP ACKed unseen segment] 443  >  34128 [ACK] Seq=1 Ack=2716 Win=2048 Len=0"
"603","68.626195986","172.253.115.189","10.150.128.28","TLSv1.2","117","Application Data"
"604","68.626208611","10.150.128.28","172.253.115.189","TCP","66","39146  >  443 [ACK] Seq=1 Ack=641 Win=501 Len=0 TSval=1757681627 TSecr=2741999632"
"605","68.629683288","13.83.65.43","10.150.128.28","TLSv1.2","375","Application Data"
"606","68.629706418","10.150.128.28","13.83.65.43","TCP","54","34128  >  443 [ACK] Seq=2760 Ack=322 Win=499 Len=0"
"607","68.658860736","52.89.17.198","10.150.128.28","TCP","66","443  >  58948 [ACK] Seq=32 Ack=36 Win=119 Len=0 TSval=3098618114 TSecr=2443533797"
"608","69.187548753","10.150.6.9","10.150.128.28","TCP","131","60652  >  65473 [PSH, ACK] Seq=91921 Ack=1 Win=29312 Len=65 TSval=9805 TSecr=3972548706"
"609","69.187566331","10.150.128.28","10.150.6.9","TCP","66","65473  >  60652 [ACK] Seq=1 Ack=91986 Win=64128 Len=0 TSval=3972550652 TSecr=9805"
"610","69.188022516","10.150.128.28","10.150.6.9","TCP","66","65473  >  60652 [FIN, ACK] Seq=1 Ack=91986 Win=64128 Len=0 TSval=3972550652 TSecr=9805"
"611","69.193568704","10.150.6.9","10.150.128.28","TCP","66","60652  >  65473 [ACK] Seq=91986 Ack=2 Win=29312 Len=0 TSval=9816 TSecr=3972550652"
"612","69.235178160","10.150.128.28","13.69.109.130","TCP","54","[TCP Dup ACK 69#1] 39412  >  443 [ACK] Seq=1 Ack=1 Win=501 Len=0"
"613","69.392097055","13.69.109.130","10.150.128.28","TCP","56","[TCP Dup ACK 70#1] [TCP ACKed unseen segment] 443  >  39412 [ACK] Seq=1 Ack=2 Win=2048 Len=0"
"614","69.538819228","10.150.128.28","172.217.5.14","TLSv1.2","365","Application Data"
"615","69.539914402","10.150.128.28","172.217.5.14","TLSv1.2","362","Application Data"
"616","69.544782558","172.217.5.14","10.150.128.28","TCP","66","443  >  47634 [ACK] Seq=79 Ack=674 Win=386 Len=0 TSval=1916732251 TSecr=998146852"
"617","69.560154392","172.217.5.14","10.150.128.28","TLSv1.2","449","Application Data"
"618","69.560177499","10.150.128.28","172.217.5.14","TCP","66","47634  >  443 [ACK] Seq=674 Ack=462 Win=499 Len=0 TSval=998146874 TSecr=1916732266"
"619","69.560517723","172.217.5.14","10.150.128.28","TLSv1.2","466","Application Data"
"620","69.560517799","172.217.5.14","10.150.128.28","TLSv1.2","318","Application Data"
"621","69.560517830","172.217.5.14","10.150.128.28","TLSv1.2","105","Application Data"
"622","69.560526998","10.150.128.28","172.217.5.14","TCP","66","47634  >  443 [ACK] Seq=674 Ack=862 Win=496 Len=0 TSval=998146874 TSecr=1916732266"
"623","69.560542375","10.150.128.28","172.217.5.14","TCP","66","47634  >  443 [ACK] Seq=674 Ack=1114 Win=495 Len=0 TSval=998146874 TSecr=1916732266"
"624","69.560545553","10.150.128.28","172.217.5.14","TCP","66","47634  >  443 [ACK] Seq=674 Ack=1153 Win=495 Len=0 TSval=998146874 TSecr=1916732267"
"625","69.560764080","10.150.128.28","172.217.5.14","TLSv1.2","105","Application Data"
"626","69.568143738","172.217.5.14","10.150.128.28","TCP","66","443  >  47634 [ACK] Seq=1153 Ack=713 Win=386 Len=0 TSval=1916732275 TSecr=998146874"
"627","71.235924200","10.150.6.9","10.150.128.28","TCP","66","60652  >  65473 [FIN, ACK] Seq=91986 Ack=2 Win=29312 Len=0 TSval=10301 TSecr=3972550652"
"628","71.235946210","10.150.128.28","10.150.6.9","TCP","66","65473  >  60652 [ACK] Seq=2 Ack=91987 Win=64128 Len=0 TSval=3972552700 TSecr=10301"
"629","72.157452049","104.43.225.200","10.150.128.28","TCP","56","[TCP ACKed unseen segment] 443  >  44112 [RST, ACK] Seq=1 Ack=2 Win=0 Len=0"
"630","72.361982977","93.184.215.201","10.150.128.28","TCP","66","[TCP Keep-Alive] 443  >  44922 [ACK] Seq=1 Ack=1 Win=136 Len=0 TSval=3741280621 TSecr=3808481383"
"631","72.362001562","10.150.128.28","93.184.215.201","TCP","66","[TCP Keep-Alive ACK] 44922  >  443 [ACK] Seq=1 Ack=2 Win=501 Len=0 TSval=3808542696 TSecr=3741248826"
"632","72.467129422","IntelCor_fd:96:6b","RealtekS_55:1e:b7","ARP","42","Who has 10.150.6.9? Tell 10.150.128.28"
"633","72.472762341","RealtekS_55:1e:b7","IntelCor_fd:96:6b","ARP","56","10.150.6.9 is at 00:e0:4c:55:1e:b7"
"634","72.673514139","142.250.191.170","10.150.128.28","TLSv1.2","190","Application Data"
"635","72.673538325","10.150.128.28","142.250.191.170","TCP","66","32956  >  443 [ACK] Seq=1194 Ack=1395 Win=501 Len=0 TSval=442341051 TSecr=1432288040"
